ANTName,ID,LON,LAT,Towerheight
Eli,1,35.2619118,32.0558469,5
Eli,5,35.261343,32.0553962,5
Eli,9,35.2617149,32.0541443,5
Eli,13,35.2625147,32.0534328,5
Eli,17,35.2631041,32.0540046,5
Eli,21,35.2634206,32.0545189,5
Eli,25,35.2629854,32.055079,5
Eli,29,35.2625211,32.0556577,5
Eli,33,35.2730231,32.0884285,5
Eli,37,35.2728193,32.0870014,5
Eli,41,35.2748384,32.0863137,5
Eli,45,35.2759414,32.0880649,5
Eli,49,35.2757804,32.0892466,5
Eli,53,35.2740209,32.0890557,5
Eli,57,35.2524858,32.0666624,5
Eli,61,35.2533078,32.0659542,5
Eli,65,35.2548034,32.0667043,5
Eli,69,35.2551213,32.0669216,5
Eli,73,35.2564066,32.0671645,5
Eli,77,35.2574776,32.0669127,5
Eli,81,35.258293,32.0665856,5
Eli,85,35.2594466,32.066777,5
Eli,89,35.2600858,32.0667352,5
Eli,93,35.2609484,32.0667693,5
Eli,97,35.2618724,32.06729,5
Eli,101,35.263475,32.0680089,5
Eli,105,35.2647695,32.0684444,5
Eli,109,35.2655669,32.0686997,5
Eli,113,35.2670896,32.0693454,5
Eli,117,35.2677291,32.0692265,5
Eli,121,35.2686678,32.0690811,5
Eli,125,35.2694403,32.0688629,5
Eli,129,35.2700519,32.0693174,5
Eli,133,35.2706473,32.0702675,5
Eli,137,35.2705937,32.0714085,5
Eli,141,35.2697729,32.0724586,5
Eli,145,35.2687856,32.0728754,5
Eli,149,35.2681319,32.0729782,5
Eli,153,35.2671384,32.0738196,5
Eli,157,35.2666503,32.0743647,5
Eli,161,35.2660153,32.0753689,5
Eli,165,35.2657021,32.0760628,5
Eli,169,35.2646354,32.0763321,5
Eli,173,35.2641265,32.0758067,5
Eli,177,35.2641965,32.0745205,5
Eli,181,35.2638776,32.0732575,5
Eli,185,35.2635346,32.0721902,5
Eli,189,35.2625089,32.0710417,5
Eli,193,35.2617268,32.0706628,5
Eli,197,35.2612804,32.0709278,5
Eli,201,35.2593712,32.071036,5
Eli,205,35.2584373,32.0706948,5
Eli,209,35.2580736,32.0692361,5
Eli,213,35.2571809,32.0693729,5
Eli,217,35.2553881,32.0686861,5
Eli,221,35.2537043,32.069305,5
Eli,225,35.2526732,32.0685183,5
Eli,229,35.252228,32.0679703,5
Eli,233,35.2742497,32.0760578,5
Eli,237,35.274905,32.0776664,5
Eli,241,35.2743997,32.0778805,5
Eli,245,35.2736588,32.0779023,5
Eli,249,35.2728142,32.078313,5
Eli,253,35.2714465,32.0784225,5
Eli,257,35.2708237,32.0776632,5
Eli,261,35.2716861,32.0768995,5
Eli,265,35.2732458,32.0761912,5
Eli,269,35.2728398,32.0758605,5
Eli,273,35.2721698,32.0758461,5
Eli,277,35.2723992,32.0755743,5
Eli,281,35.2743231,32.0755006,5
Eli,285,35.2786192,32.0767748,5
Eli,289,35.2772485,32.0774039,5
Eli,293,35.2764286,32.0771064,5
Eli,297,35.2764109,32.0763418,5
Eli,301,35.2769621,32.0751289,5
Eli,305,35.2775473,32.0744613,5
Eli,309,35.2788893,32.0752679,5
Eli,313,35.2795582,32.0758832,5
Eli,317,35.2785506,32.0765596,5
Eli,321,35.2822816,32.0694743,5
Eli,325,35.2828479,32.0686042,5
Eli,329,35.2835619,32.0678014,5
Eli,333,35.2845911,32.067114,5
Eli,337,35.2857495,32.0678177,5
Eli,341,35.2867133,32.0682405,5
Eli,345,35.2868739,32.0689753,5
Eli,349,35.2853714,32.0699696,5
Eli,353,35.2846634,32.0681378,5
Eli,357,35.2836451,32.0680509,5
Eli,361,35.283046,32.069032,5
Oranit,365,34.9932908,32.1345422,5
Oranit,369,34.9920253,32.1359557,5
Oranit,373,34.989437,32.1377043,5
Oranit,377,34.988473,32.1381061,5
Oranit,381,34.9871448,32.1373886,5
Oranit,385,34.9879664,32.1356802,5
Oranit,389,34.9887635,32.134128,5
Oranit,393,34.9881074,32.132965,5
Oranit,397,34.9874825,32.1320158,5
Oranit,401,34.9867127,32.1318639,5
Oranit,405,34.9865102,32.1312574,5
Oranit,409,34.9853863,32.1300043,5
Oranit,413,34.985102,32.1281617,5
Oranit,417,34.9851761,32.1259257,5
Oranit,421,34.9854226,32.1249282,5
Oranit,425,34.9866102,32.123173,5
Oranit,429,34.9864911,32.1243594,5
Oranit,433,34.9883473,32.1252872,5
Oranit,437,34.9896631,32.1258627,5
Oranit,441,34.987589,32.125776,5
Oranit,445,34.9871614,32.1258014,5
Oranit,449,34.9882429,32.1271273,5
Oranit,453,34.9873234,32.1276329,5
Oranit,457,34.9873119,32.1281488,5
Oranit,461,34.9882303,32.1283907,5
Oranit,465,34.989003,32.1287032,5
Oranit,469,34.9902288,32.128596,5
Oranit,473,34.9914207,32.1291074,5
Oranit,477,34.991259,32.1279419,5
Oranit,481,34.9904504,32.1262394,5
Oranit,485,34.9901448,32.1232886,5
Oranit,489,34.9913362,32.1233886,5
Oranit,493,34.9917711,32.1232799,5
Oranit,497,34.9925593,32.1246797,5
Oranit,501,34.9933863,32.1260202,5
Oranit,505,34.992103,32.1276484,5
Neve Daniel,509,35.1406552,31.676241,5
Neve Daniel,513,35.1411724,31.6753875,5
Neve Daniel,517,35.1425317,31.6748406,5
Neve Daniel,521,35.1430542,31.6750638,5
Neve Daniel,525,35.1442778,31.6757331,5
Neve Daniel,529,35.1449725,31.6762321,5
Neve Daniel,533,35.1450436,31.6765754,5
Neve Daniel,537,35.1459212,31.6764538,5
Neve Daniel,541,35.1471529,31.6764782,5
Neve Daniel,545,35.1472993,31.6767987,5
Neve Daniel,549,35.1464434,31.6777155,5
Neve Daniel,553,35.1455586,31.6785752,5
Neve Daniel,557,35.1446517,31.6792586,5
Neve Daniel,561,35.1451562,31.6809764,5
Neve Daniel,565,35.1449899,31.6823231,5
Neve Daniel,569,35.1442011,31.6824221,5
Neve Daniel,573,35.1436864,31.6810129,5
Neve Daniel,577,35.1431929,31.6803556,5
Neve Daniel,581,35.1421146,31.680351,5
Neve Daniel,585,35.1411488,31.6808518,5
Neve Daniel,589,35.1402159,31.6807619,5
Neve Daniel,593,35.1404144,31.6800406,5
Neve Daniel,597,35.1412188,31.6795521,5
Neve Daniel,601,35.141289,31.6789988,5
Neve Daniel,605,35.1416533,31.6783013,5
Neve Daniel,609,35.1413529,31.6773154,5
Neve Daniel,613,35.1407845,31.6767584,5
Rosh Tzurim,617,35.1284529,31.668807,5
Rosh Tzurim,621,35.1275401,31.6691561,5
Rosh Tzurim,625,35.1262682,31.6710421,5
Rosh Tzurim,629,35.1252107,31.6710054,5
Rosh Tzurim,633,35.1243499,31.670003,5
Rosh Tzurim,637,35.1238301,31.6688548,5
Rosh Tzurim,641,35.123611,31.6672117,5
Rosh Tzurim,645,35.1241121,31.6663801,5
Rosh Tzurim,649,35.1269466,31.6662223,5
Rosh Tzurim,653,35.1284605,31.6670537,5
Rosh Tzurim,657,35.1285983,31.6681584,5
Hamra,661,35.4376268,32.2015405,5
Hamra,665,35.4362376,32.2018087,5
Hamra,669,35.4347005,32.2009097,5
Hamra,673,35.4351502,32.1990173,5
Hamra,677,35.4368072,32.1975417,5
Hamra,681,35.4389495,32.1987642,5
Hamra,685,35.439922,32.2000174,5
Hamra,689,35.4408231,32.201539,5
Hamra,693,35.4397243,32.2023007,5
Hamra,697,35.4382801,32.2019383,5
Har Bracha,701,35.2627985,32.1935888,5
Har Bracha,705,35.2630008,32.1921079,5
Har Bracha,709,35.2629871,32.1912892,5
Har Bracha,713,35.2638778,32.1905612,5
Har Bracha,717,35.2652106,32.1903678,5
Har Bracha,721,35.266519,32.1904032,5
Har Bracha,725,35.2673838,32.1904182,5
Har Bracha,729,35.2681959,32.1898185,5
Har Bracha,733,35.2683511,32.1904384,5
Har Bracha,737,35.2672974,32.1911737,5
Har Bracha,741,35.2680929,32.1927455,5
Har Bracha,745,35.2681621,32.1935858,5
Har Bracha,749,35.2681729,32.1943139,5
Har Bracha,753,35.2678429,32.1951905,5
Har Bracha,757,35.2666366,32.1953888,5
Har Bracha,761,35.2657701,32.1966625,5
Har Bracha,765,35.2632102,32.1969462,5
Har Bracha,769,35.2616243,32.196709,5
Har Bracha,773,35.2613411,32.1949968,5
Har Bracha,777,35.2616385,32.1941628,5
Har Bracha,781,35.2627696,32.1936355,5
Itamar,785,35.3059482,32.1697778,5
Itamar,789,35.3073754,32.1693628,5
Itamar,793,35.3106778,32.1708878,5
Itamar,797,35.3076545,32.1701543,5
Itamar,801,35.3082224,32.1708992,5
Itamar,805,35.3080934,32.171284,5
Itamar,809,35.3082772,32.1723255,5
Itamar,813,35.3082369,32.1734141,5
Itamar,817,35.3094992,32.1744629,5
Itamar,821,35.3107815,32.1738865,5
Itamar,825,35.310862,32.1755659,5
Itamar,829,35.3107252,32.1762964,5
Itamar,833,35.3097985,32.1767377,5
Itamar,837,35.3085368,32.1764799,5
Itamar,841,35.3063237,32.1753495,5
Itamar,845,35.3064838,32.1734785,5
Itamar,849,35.3067783,32.1721252,5
Itamar,853,35.3056682,32.1710231,5
Yafit,857,35.4713701,32.0655216,5
Yafit,861,35.4714867,32.0640959,5
Yafit,865,35.4721955,32.062544,5
Yafit,869,35.4717125,32.0614514,5
Yafit,873,35.4691546,32.0623327,5
Yafit,877,35.469913,32.0606535,5
Yafit,881,35.4701773,32.0598917,5
Yafit,885,35.4719327,32.0609204,5
Yafit,889,35.4752249,32.0610974,5
Yafit,893,35.4760373,32.0601647,5
Yafit,897,35.476777,32.060965,5
Yafit,901,35.4779657,32.0620676,5
Yafit,905,35.4777896,32.0630811,5
Yafit,909,35.4747712,32.0659419,5
Yafit,913,35.4740948,32.0666222,5
Tomer,917,35.4415023,32.0216553,5
Tomer,921,35.439874,32.0219367,5
Tomer,925,35.439238,32.022131,5
Tomer,929,35.4386968,32.0220148,5
Tomer,933,35.438157,32.0214501,5
Tomer,937,35.4375248,32.0205586,5
Tomer,941,35.435711,32.0193107,5
Tomer,945,35.4350789,32.0185035,5
Tomer,949,35.4349961,32.0178014,5
Tomer,953,35.4354498,32.0171884,5
Tomer,957,35.4376499,32.0167648,5
Tomer,961,35.4409119,32.0160049,5
Tomer,965,35.441775,32.0162285,5
Tomer,969,35.4420897,32.0169538,5
Tomer,973,35.4418639,32.0185459,5
Tomer,977,35.4417855,32.0195976,5
Tomer,981,35.4421525,32.0207893,5
Gilgal,985,35.4428805,32.0014782,5
Gilgal,989,35.443161,32.0002666,5
Gilgal,993,35.4439192,31.9987518,5
Gilgal,997,35.4457147,31.9979564,5
Gilgal,1001,35.4456074,31.9983565,5
Gilgal,1005,35.4463387,31.9993138,5
Gilgal,1009,35.4468171,32.0002332,5
Gilgal,1013,35.4461737,32.0012147,5
Gilgal,1017,35.4459732,32.0019789,5
Yitav,1021,35.422169,31.9480281,5
Yitav,1025,35.422232,31.9467132,5
Yitav,1029,35.4241847,31.9462221,5
Yitav,1033,35.424279,31.9470594,5
Yitav,1037,35.4248598,31.9465874,5
Yitav,1041,35.4258782,31.9468872,5
Yitav,1045,35.4268523,31.9475488,5
Yitav,1049,35.425852,31.9478297,5
Yitav,1053,35.4249453,31.9475241,5
Yitav,1057,35.4239897,31.9483936,5
Yitav,1061,35.4232908,31.948694,5
Yitav,1065,35.4221759,31.948262,5
Gitit,1069,35.3939928,32.1025544,5
Gitit,1073,35.3942685,32.1004686,5
Gitit,1077,35.3945763,32.0999187,5
Gitit,1081,35.3958635,32.0996622,5
Gitit,1085,35.3979745,32.1004862,5
Gitit,1089,35.3983011,32.1022315,5
Gitit,1093,35.398526,32.1037847,5
Gitit,1097,35.3978395,32.1045285,5
Gitit,1101,35.3964769,32.1045189,5
Gitit,1105,35.3957725,32.103091,5
Kalya,1109,35.4658112,31.7467661,5
Kalya,1113,35.4690599,31.7526356,5
Kalya,1117,35.4628801,31.7554664,5
Kalya,1121,35.4637492,31.7495456,5
Migdal Oz,1125,35.1394616,31.6386726,5
Migdal Oz,1129,35.1402062,31.6385787,5
Migdal Oz,1133,35.1416921,31.6386148,5
Migdal Oz,1137,35.1422051,31.6390018,5
Migdal Oz,1141,35.1435778,31.6391462,5
Migdal Oz,1145,35.144169,31.6398618,5
Migdal Oz,1149,35.1456295,31.6406426,5
Migdal Oz,1153,35.1458459,31.6426395,5
Migdal Oz,1157,35.1442119,31.6421704,5
Migdal Oz,1161,35.1421291,31.6418124,5
Migdal Oz,1165,35.1387202,31.6398388,5
Lapid,1169,35.0327604,31.9214383,5
Lapid,1173,35.0293213,31.9196265,5
Lapid,1177,35.0287065,31.9188598,5
Lapid,1181,35.0285649,31.917652,5
Lapid,1185,35.0324268,31.9151463,5
Lapid,1189,35.0332078,31.9147883,5
Lapid,1193,35.0342646,31.9142998,5
Lapid,1197,35.0361373,31.9134555,5
Lapid,1201,35.0368095,31.9138087,5
Lapid,1205,35.0361365,31.9156048,5
Lapid,1209,35.0355633,31.9171452,5
Lapid,1213,35.0344091,31.9195841,5
Lapid,1217,35.0335108,31.9204299,5
Lapid,1221,35.03271,31.920804,5
Kiryat Arba,1225,35.1178619,31.526187,5
Kiryat Arba,1229,35.1192165,31.5265232,5
Kiryat Arba,1233,35.1200761,31.5266418,5
Kiryat Arba,1237,35.121428,31.5263492,5
Kiryat Arba,1241,35.1223893,31.5261754,5
Kiryat Arba,1245,35.124196,31.5274558,5
Kiryat Arba,1249,35.1236488,31.5295225,5
Kiryat Arba,1253,35.1218207,31.5300251,5
Kiryat Arba,1257,35.1208272,31.5300804,5
Kiryat Arba,1261,35.1205332,31.5306926,5
Kiryat Arba,1265,35.1198466,31.5315614,5
Kiryat Arba,1269,35.1183314,31.5315526,5
Kiryat Arba,1273,35.1170866,31.5323233,5
Kiryat Arba,1277,35.1152895,31.5322803,5
Kiryat Arba,1281,35.114844,31.532457,5
Kiryat Arba,1285,35.1143939,31.5322707,5
Kiryat Arba,1289,35.1143789,31.5317172,5
Kiryat Arba,1293,35.1145485,31.5305055,5
Kiryat Arba,1297,35.1155299,31.528085,5
Kiryat Arba,1301,35.1161425,31.5263602,5
Kiryat Arba,1305,35.1169068,31.5256267,5
Negohot,1309,34.9701521,31.497412,5
Negohot,1313,34.9692276,31.4972509,5
Negohot,1317,34.9690035,31.4968771,5
Negohot,1321,34.9692441,31.4961692,5
Negohot,1325,34.970016,31.496009,5
Negohot,1329,34.9718159,31.4962564,5
Negohot,1333,34.9719688,31.4968146,5
Negohot,1337,34.9814695,31.4924365,5
Negohot,1341,34.9819402,31.4923104,5
Negohot,1345,34.9830354,31.4923049,5
Negohot,1349,34.9837674,31.4925824,5
Negohot,1353,34.9851302,31.4927153,5
Negohot,1357,34.9861398,31.492568,5
Negohot,1361,34.9847464,31.4930618,5
Negohot,1365,34.9839283,31.4934471,5
Negohot,1369,34.98294,31.4942788,5
Negohot,1373,34.9825659,31.4947392,5
Negohot,1377,34.9819591,31.4949201,5
Negohot,1381,34.981066,31.4948188,5
Negohot,1385,34.9808246,31.4942487,5
Negohot,1389,34.9799563,31.4933193,5
Negohot,1393,34.9791716,31.4931814,5
Negohot,1397,34.9794484,31.4925724,5
Negohot,1401,34.9800013,31.4923651,5
Negohot,1405,34.9807634,31.4933782,5
Negohot,1409,34.9808158,31.4928445,5
Negohot,1413,34.9814695,31.4924365,5
Modi'in Illit,1417,35.0527971,31.9213665,5
Modi'in Illit,1421,35.0552632,31.9222994,5
Modi'in Illit,1425,35.0545617,31.9241974,5
Modi'in Illit,1429,35.0531819,31.9255438,5
Modi'in Illit,1433,35.0491685,31.9255278,5
Modi'in Illit,1437,35.0464398,31.9251207,5
Modi'in Illit,1441,35.0482938,31.9264438,5
Modi'in Illit,1445,35.0511442,31.9285942,5
Modi'in Illit,1449,35.0505093,31.9294061,5
Modi'in Illit,1453,35.0513285,31.9308148,5
Modi'in Illit,1457,35.0540755,31.9335041,5
Modi'in Illit,1461,35.0536254,31.9352046,5
Modi'in Illit,1465,35.0494962,31.9372727,5
Modi'in Illit,1469,35.0467122,31.940289,5
Modi'in Illit,1473,35.046065,31.9422461,5
Modi'in Illit,1477,35.0442764,31.942736,5
Modi'in Illit,1481,35.042093,31.9413135,5
Modi'in Illit,1485,35.0385136,31.940411,5
Modi'in Illit,1489,35.0378343,31.941891,5
Modi'in Illit,1493,35.0374891,31.9420202,5
Modi'in Illit,1497,35.0369083,31.9406921,5
Modi'in Illit,1501,35.0355935,31.9395954,5
Modi'in Illit,1505,35.0351919,31.9387484,5
Modi'in Illit,1509,35.0357086,31.9373804,5
Modi'in Illit,1513,35.035171,31.9361622,5
Modi'in Illit,1517,35.0371122,31.9350154,5
Modi'in Illit,1521,35.0368195,31.9311327,5
Modi'in Illit,1525,35.0377665,31.9293998,5
Modi'in Illit,1529,35.0373684,31.927995,5
Modi'in Illit,1533,35.0375832,31.9259712,5
Modi'in Illit,1537,35.0404123,31.9241356,5
Modi'in Illit,1541,35.0447641,31.9228723,5
Ateret,1545,35.1738509,32.0045504,5
Ateret,1549,35.1740386,32.0037816,5
Ateret,1553,35.1744358,32.0038017,5
Ateret,1557,35.1748373,32.0022499,5
Ateret,1561,35.1746863,32.0015248,5
Ateret,1565,35.1749964,32.0007387,5
Ateret,1569,35.1753176,32.0004924,5
Ateret,1573,35.1760985,31.9995431,5
Ateret,1577,35.1768222,31.9986647,5
Ateret,1581,35.1779585,31.9975835,5
Ateret,1585,35.178691,31.9968783,5
Ateret,1589,35.1788597,31.9973331,5
Ateret,1593,35.1789177,31.9977592,5
Ateret,1597,35.1790546,31.9975072,5
Ateret,1601,35.1796402,31.9971155,5
Ateret,1605,35.1805828,31.9969727,5
Ateret,1609,35.1816846,31.9972451,5
Ateret,1613,35.1813806,31.9972999,5
Ateret,1617,35.1802573,31.9972478,5
Ateret,1621,35.1794294,31.9974479,5
Ateret,1625,35.1792079,31.9979994,5
Ateret,1629,35.1797996,31.9977458,5
Ateret,1633,35.1805331,31.9984475,5
Ateret,1637,35.1808863,31.9987031,5
Ateret,1641,35.1806258,31.9990097,5
Ateret,1645,35.1796173,31.9987777,5
Ateret,1649,35.1791351,31.9989522,5
Ateret,1653,35.1782124,31.9997847,5
Ateret,1657,35.1777993,32.0003579,5
Ateret,1661,35.176823,32.0020275,5
Ateret,1665,35.1768904,32.0025816,5
Ateret,1669,35.1767855,32.0028191,5
Ateret,1673,35.1767801,32.0030283,5
Ateret,1677,35.1766299,32.0035833,5
Ateret,1681,35.1758461,32.0040864,5
Ateret,1685,35.1749508,32.0049389,5
Ateret,1689,35.174365,32.0049971,5
Ateret,1693,35.1738509,32.0045504,5
Yitzhar,1697,35.2399987,32.1683501,5
Yitzhar,1701,35.2384454,32.1689604,5
Yitzhar,1705,35.2382952,32.1685971,5
Yitzhar,1709,35.2378875,32.1683065,5
Yitzhar,1713,35.2373854,32.1685097,5
Yitzhar,1717,35.2334801,32.1693706,5
Yitzhar,1721,35.232021,32.1698066,5
Yitzhar,1725,35.2311286,32.1695867,5
Yitzhar,1729,35.2320265,32.1694444,5
Yitzhar,1733,35.2334407,32.1689473,5
Yitzhar,1737,35.2332951,32.1683705,5
Yitzhar,1741,35.2332058,32.1678558,5
Yitzhar,1745,35.2340195,32.1678143,5
Yitzhar,1749,35.2361237,32.167329,5
Yitzhar,1753,35.2379648,32.1665625,5
Yitzhar,1757,35.2404322,32.1664826,5
Yitzhar,1761,35.241295,32.1669985,5
Yitzhar,1765,35.2415694,32.1674562,5
Yitzhar,1769,35.2411234,32.1684663,5
Yitzhar,1773,35.2420608,32.1689447,5
Efrat,1777,35.1472739,31.6483087,5
Efrat,1781,35.1504926,31.6479069,5
Efrat,1785,35.1519561,31.6486296,5
Efrat,1789,35.1502642,31.6494972,5
Efrat,1793,35.1501038,31.6516522,5
Efrat,1797,35.1514937,31.6512942,5
Efrat,1801,35.1531642,31.6504877,5
Efrat,1805,35.1533053,31.6519892,5
Efrat,1809,35.1535139,31.651106,5
Efrat,1813,35.1537258,31.6516051,5
Efrat,1817,35.1541099,31.6523824,5
Efrat,1821,35.1532761,31.6540835,5
Efrat,1825,35.1536843,31.6550539,5
Efrat,1829,35.1536511,31.6556716,5
Efrat,1833,35.1533278,31.6564021,5
Efrat,1837,35.1538915,31.6577344,5
Efrat,1841,35.1540112,31.6594779,5
Efrat,1845,35.155835,31.6615046,5
Efrat,1849,35.1564269,31.6622116,5
Efrat,1853,35.1567375,31.6630474,5
Efrat,1857,35.157548,31.6636151,5
Efrat,1861,35.1579496,31.6645576,5
Efrat,1865,35.1592649,31.6646069,5
Efrat,1869,35.1610585,31.6668792,5
Efrat,1873,35.1632112,31.66839,5
Efrat,1877,35.1651445,31.6690032,5
Efrat,1881,35.1669804,31.6694016,5
Efrat,1885,35.167845,31.6695228,5
Efrat,1889,35.1693862,31.6705208,5
Efrat,1893,35.1693958,31.671743,5
Efrat,1897,35.1691205,31.672401,5
Efrat,1901,35.1687957,31.6727281,5
Efrat,1905,35.1692015,31.6729388,5
Efrat,1909,35.1703452,31.6741623,5
Efrat,1913,35.1701577,31.6756041,5
Efrat,1917,35.1690772,31.6761235,5
Efrat,1921,35.1679792,31.6744949,5
Efrat,1925,35.1673688,31.673523,5
Efrat,1929,35.1664586,31.6729134,5
Efrat,1933,35.1652843,31.6731737,5
Efrat,1937,35.1639968,31.6736117,5
Efrat,1941,35.1626839,31.6713113,5
Efrat,1945,35.1622341,31.6690509,5
Efrat,1949,35.1594727,31.6677723,5
Efrat,1953,35.1583666,31.6666057,5
Efrat,1957,35.1557981,31.6655237,5
Efrat,1961,35.1557011,31.6643336,5
Efrat,1965,35.1545922,31.6626563,5
Efrat,1969,35.1532055,31.6619782,5
Efrat,1973,35.1523729,31.6609217,5
Efrat,1977,35.1515195,31.6596701,5
Efrat,1981,35.1513957,31.6587884,5
Efrat,1985,35.1521455,31.6579761,5
Efrat,1989,35.1510629,31.6582939,5
Efrat,1993,35.1497739,31.6580893,5
Efrat,1997,35.1469731,31.6559185,5
Efrat,2001,35.1455719,31.6549217,5
Efrat,2005,35.1460864,31.6541824,5
Efrat,2009,35.1462543,31.6525152,5
Efrat,2013,35.148753,31.6520198,5
Efrat,2017,35.1475358,31.6505548,5
Kiryat Arba,2021,35.1281775,31.5415371,5
Kiryat Arba,2025,35.1292772,31.5413549,5
Kiryat Arba,2029,35.1307591,31.5409877,5
Kiryat Arba,2033,35.1319315,31.5416388,5
Kiryat Arba,2037,35.1321568,31.5427818,5
Kiryat Arba,2041,35.1308651,31.5429459,5
Kiryat Arba,2045,35.129378,31.5434675,5
Kiryat Arba,2049,35.1270284,31.5431749,5
Kiryat Arba,2053,35.1236797,31.542736,5
Kiryat Arba,2057,35.1240415,31.5435846,5
Kiryat Arba,2061,35.1229359,31.54437,5
Kiryat Arba,2065,35.1216938,31.5446444,5
Kiryat Arba,2069,35.1208121,31.5449483,5
Kiryat Arba,2073,35.1202463,31.545096,5
Kiryat Arba,2077,35.1192659,31.5461544,5
Kiryat Arba,2081,35.1185395,31.5464074,5
Kiryat Arba,2085,35.1178479,31.5461208,5
Kiryat Arba,2089,35.1174384,31.5461438,5
Kiryat Arba,2093,35.1172501,31.5459584,5
Kiryat Arba,2097,35.117025,31.5454332,5
Kiryat Arba,2101,35.1170356,31.5447716,5
Kiryat Arba,2105,35.1171912,31.5442916,5
Kiryat Arba,2109,35.1173576,31.5439072,5
Kiryat Arba,2113,35.117363,31.5433859,5
Kiryat Arba,2117,35.1177056,31.542921,5
Kiryat Arba,2121,35.1179623,31.5427022,5
Kiryat Arba,2125,35.1183123,31.5422298,5
Kiryat Arba,2129,35.1183607,31.5418587,5
Kiryat Arba,2133,35.1183983,31.5415158,5
Kiryat Arba,2137,35.1185796,31.5412527,5
Kiryat Arba,2141,35.1187999,31.5408138,5
Kiryat Arba,2145,35.1194047,31.5403152,5
Kiryat Arba,2149,35.1198593,31.5404032,5
Kiryat Arba,2153,35.1202775,31.5404092,5
Kiryat Arba,2157,35.1211412,31.5407384,5
Kiryat Arba,2161,35.1215907,31.5412049,5
Kiryat Arba,2165,35.1220585,31.5412824,5
Kiryat Arba,2169,35.122949,31.5412093,5
Kiryat Arba,2173,35.1226532,31.5422382,5
Kiryat Arba,2177,35.1241884,31.542536,5
Kiryat Arba,2181,35.1269471,31.5426675,5
Psagot,2185,35.2263399,31.8968171,5
Psagot,2189,35.2257176,31.8990578,5
Psagot,2193,35.2254172,31.8998958,5
Psagot,2197,35.224516,31.9011619,5
Psagot,2201,35.2238164,31.9021262,5
Psagot,2205,35.2239779,31.9025645,5
Psagot,2209,35.223762,31.9031685,5
Psagot,2213,35.2231697,31.9035058,5
Psagot,2217,35.222566,31.9036993,5
Psagot,2221,35.2218046,31.9026976,5
Psagot,2225,35.2213877,31.9016058,5
Psagot,2229,35.2212701,31.9005353,5
Psagot,2233,35.2215885,31.8992142,5
Psagot,2237,35.2223633,31.8978598,5
Psagot,2241,35.2235114,31.8962428,5
Psagot,2245,35.2245374,31.8951501,5
Psagot,2249,35.2254601,31.8953688,5
Psagot,2253,35.226415,31.8957604,5
Psagot,2257,35.2270373,31.8958242,5
Psagot,2261,35.2274879,31.8963343,5
Psagot,2265,35.2278097,31.8959062,5
Psagot,2269,35.228829,31.8950226,5
Psagot,2273,35.2299233,31.8950044,5
Psagot,2277,35.230567,31.8952503,5
Psagot,2281,35.2312751,31.895979,5
Psagot,2285,35.2304598,31.8970903,5
Psagot,2289,35.2302559,31.8969628,5
Psagot,2293,35.2305241,31.8963889,5
Psagot,2297,35.2305563,31.8959244,5
Psagot,2301,35.2297195,31.8956238,5
Psagot,2305,35.2282174,31.8956693,5
Psagot,2309,35.227681,31.8964072,5
Psagot,2313,35.2271016,31.8962068,5
Psagot,2317,35.2270265,31.8966167,5
Psagot,2321,35.2268012,31.8973272,5
Psagot,2325,35.2264686,31.8977735,5
Psagot,2329,35.2266939,31.8969628,5
Adora,2333,35.0157242,31.550792,5
Adora,2337,35.0150912,31.5504217,5
Adora,2341,35.0149679,31.5499691,5
Adora,2345,35.0153648,31.5496354,5
Adora,2349,35.0160783,31.5499509,5
Adora,2353,35.0161319,31.5503531,5
Adora,2357,35.0165611,31.5505086,5
Adora,2361,35.0172906,31.5512034,5
Adora,2365,35.0177949,31.5515463,5
Adora,2369,35.0194418,31.5521314,5
Adora,2373,35.0205039,31.5523417,5
Adora,2377,35.0218719,31.5524331,5
Adora,2381,35.0219791,31.5533337,5
Adora,2385,35.0212979,31.5536171,5
Adora,2389,35.0201942,31.5531415,5
Adora,2393,35.0191306,31.5529086,5
Adora,2397,35.0180256,31.553096,5
Adora,2401,35.0173336,31.5529588,5
Adora,2405,35.0164913,31.5523509,5
Adora,2409,35.0156062,31.552136,5
Adora,2413,35.0155311,31.5515554,5
Adora,2417,35.0157886,31.5509154,5
Telem,2421,35.0301431,31.5623058,5
Telem,2425,35.0305948,31.5615889,5
Telem,2429,35.031732,31.5609718,5
Telem,2433,35.0323157,31.5616659,5
Telem,2437,35.0331955,31.5619127,5
Telem,2441,35.0325303,31.5626669,5
Telem,2445,35.0317642,31.562727,5
Telem,2449,35.032246,31.5639694,5
Telem,2453,35.0319026,31.5656286,5
Telem,2457,35.0315336,31.5658443,5
Telem,2461,35.032026,31.5664102,5
Telem,2465,35.0315872,31.567051,5
Telem,2469,35.0307976,31.5665564,5
Telem,2473,35.0304972,31.5656149,5
Telem,2477,35.0305454,31.564623,5
Telem,2481,35.0299553,31.5637729,5
Karmei Tzur,2485,35.0972502,31.6095532,5
Karmei Tzur,2489,35.0979087,31.6072819,5
Karmei Tzur,2493,35.0977317,31.6064413,5
Karmei Tzur,2497,35.097147,31.6068113,5
Karmei Tzur,2501,35.0969056,31.6064641,5
Karmei Tzur,2505,35.0966695,31.6064184,5
Karmei Tzur,2509,35.096058,31.6066651,5
Karmei Tzur,2513,35.0952372,31.6063088,5
Karmei Tzur,2517,35.0954626,31.6058016,5
Karmei Tzur,2521,35.0959016,31.6057761,5
Karmei Tzur,2525,35.0965185,31.6061141,5
Karmei Tzur,2529,35.0979283,31.6056504,5
Karmei Tzur,2533,35.0973455,31.6061077,5
Karmei Tzur,2537,35.0981823,31.6067656,5
Karmei Tzur,2541,35.0984452,31.6073504,5
Karmei Tzur,2545,35.0990192,31.6072682,5
Karmei Tzur,2549,35.1010362,31.6081408,5
Karmei Tzur,2553,35.1018516,31.6085291,5
Karmei Tzur,2557,35.1025972,31.6085885,5
Karmei Tzur,2561,35.1039437,31.609388,5
Karmei Tzur,2565,35.1037881,31.6102789,5
Karmei Tzur,2569,35.1039906,31.6110916,5
Karmei Tzur,2573,35.1039276,31.6114576,5
Karmei Tzur,2577,35.1042709,31.6117362,5
Karmei Tzur,2581,35.1037989,31.6113479,5
Karmei Tzur,2585,35.1029835,31.6115398,5
Karmei Tzur,2589,35.1023075,31.6108637,5
Karmei Tzur,2593,35.1016316,31.6105713,5
Karmei Tzur,2597,35.1008162,31.610384,5
Karmei Tzur,2601,35.1010576,31.6099271,5
Karmei Tzur,2605,35.0998077,31.6095159,5
Karmei Tzur,2609,35.0990835,31.6093195,5
Karmei Tzur,2613,35.0983105,31.6090867,5
Karmei Tzur,2617,35.098016,31.6095845,5
Karmei Tzur,2621,35.097383,31.6096165,5
Nofim,2625,35.0975934,32.1558683,5
Nofim,2629,35.0975291,32.1541425,5
Nofim,2633,35.0984002,32.1531883,5
Nofim,2637,35.0994358,32.152882,5
Nofim,2641,35.1012222,32.1537149,5
Nofim,2645,35.1046849,32.1532912,5
Nofim,2649,35.1056615,32.1532523,5
Nofim,2653,35.1068953,32.1525347,5
Nofim,2657,35.1055228,32.1549904,5
Nofim,2661,35.1045994,32.1560318,5
Nofim,2665,35.1034085,32.1569582,5
Nofim,2669,35.1017455,32.1568946,5
Nofim,2673,35.1000417,32.1573756,5
Peduel,2677,35.0519018,32.0596138,5
Peduel,2681,35.0524989,32.060628,5
Peduel,2685,35.0538454,32.0618919,5
Peduel,2689,35.0549779,32.062003,5
Peduel,2693,35.0562987,32.0625867,5
Peduel,2697,35.0567037,32.0633871,5
Peduel,2701,35.0570962,32.0646923,5
Peduel,2705,35.0568656,32.0650878,5
Peduel,2709,35.0552884,32.0653878,5
Peduel,2713,35.0541243,32.0654742,5
Peduel,2717,35.0528256,32.0644324,5
Peduel,2721,35.0522465,32.0636248,5
Peduel,2725,35.0515845,32.0630104,5
Peduel,2729,35.0510452,32.0624874,5
Peduel,2733,35.0500106,32.0622961,5
Peduel,2737,35.0495988,32.0625748,5
Peduel,2741,35.0487403,32.0623857,5
Peduel,2745,35.0481306,32.062052,5
Peduel,2749,35.048067,32.0613605,5
Peduel,2753,35.047789,32.0604234,5
Peduel,2757,35.047309,32.0598096,5
Peduel,2761,35.046641,32.0590914,5
Peduel,2765,35.0479177,32.0586731,5
Peduel,2769,35.0499269,32.0597596,5
Peduel,2773,35.0508941,32.0598475,5
Peduel,2777,35.0516649,32.0608832,5
Peduel,2781,35.0516679,32.0599669,5
Yitzhar,2785,35.2287065,32.1655642,5
Yitzhar,2789,35.2306026,32.1648124,5
Yitzhar,2793,35.2331963,32.163718,5
Yitzhar,2797,35.2339606,32.1626855,5
Yitzhar,2801,35.2337841,32.160007,5
Yitzhar,2805,35.2354433,32.1602595,5
Yitzhar,2809,35.2368602,32.1607646,5
Yitzhar,2813,35.2380254,32.1618303,5
Yitzhar,2817,35.23787,32.163763,5
Yitzhar,2821,35.2381627,32.1640211,5
Yitzhar,2825,35.2385347,32.1643876,5
Yitzhar,2829,35.2388375,32.1645872,5
Yitzhar,2833,35.2395266,32.1647111,5
Yitzhar,2837,35.2400552,32.1648539,5
Yitzhar,2841,35.2407197,32.164929,5
Yitzhar,2845,35.2414645,32.1657207,5
Yitzhar,2849,35.2420552,32.1673032,5
Yitzhar,2853,35.241706,32.1685404,5
Yitzhar,2857,35.2418223,32.1693314,5
Yitzhar,2861,35.2384317,32.1711506,5
Yitzhar,2865,35.2385308,32.173727,5
Yitzhar,2869,35.2352504,32.1736733,5
Yitzhar,2873,35.2338917,32.1695742,5
Yitzhar,2877,35.23147,32.1698089,5
Yitzhar,2881,35.2302584,32.1685309,5
Elkana,2885,35.0407555,32.1124374,5
Elkana,2889,35.0415452,32.1103543,5
Elkana,2893,35.0424813,32.1104314,5
Elkana,2897,35.042434,32.1120792,5
Elkana,2901,35.0420689,32.112582,5
Elkana,2905,35.0420665,32.1133636,5
Elkana,2909,35.0418495,32.1140864,5
Elkana,2913,35.0414463,32.1144727,5
Elkana,2917,35.0415216,32.1148805,5
Elkana,2921,35.0416219,32.1151949,5
Elkana,2925,35.0414908,32.1158286,5
Elkana,2929,35.0411844,32.1162831,5
Elkana,2933,35.0409551,32.1169472,5
Elkana,2937,35.0406819,32.1173931,5
Elkana,2941,35.0385654,32.1197694,5
Elkana,2945,35.0363233,32.1194921,5
Elkana,2949,35.0363364,32.1188266,5
Elkana,2953,35.0363179,32.1180291,5
Elkana,2957,35.0383779,32.1175771,5
Elkana,2961,35.0394105,32.1168842,5
Elkana,2965,35.0395205,32.1159687,5
Elkana,2969,35.0403842,32.1145215,5
Elkana,2973,35.0402876,32.1126314,5
Elkana,2977,35.0403842,32.1118431,5
Elkana,2981,35.0398582,32.1123362,5
Elkana,2985,35.0391772,32.1135333,5
Elkana,2989,35.0389519,32.1139331,5
Elkana,2993,35.038351,32.1136265,5
Elkana,2997,35.0372674,32.1130767,5
Elkana,3001,35.0368577,32.113904,5
Elkana,3005,35.0363646,32.1137688,5
Elkana,3009,35.0365942,32.1146556,5
Elkana,3013,35.0344913,32.115269,5
Elkana,3017,35.0339576,32.1150645,5
Elkana,3021,35.0337323,32.1154462,5
Elkana,3025,35.034899,32.1168524,5
Elkana,3029,35.0348427,32.1171227,5
Elkana,3033,35.0334962,32.1170205,5
Elkana,3037,35.0333729,32.1165434,5
Elkana,3041,35.0331637,32.1163662,5
Elkana,3045,35.0322463,32.1162481,5
Elkana,3049,35.0310742,32.1151645,5
Elkana,3053,35.0341695,32.1144784,5
Elkana,3057,35.0345718,32.113706,5
Elkana,3061,35.0351643,32.1121953,5
Elkana,3065,35.0351592,32.1118749,5
Elkana,3069,35.0352316,32.111475,5
Elkana,3073,35.0350975,32.1112569,5
Elkana,3077,35.0346979,32.1114614,5
Elkana,3081,35.0341856,32.1116704,5
Elkana,3085,35.0337725,32.111625,5
Elkana,3089,35.0324341,32.1120271,5
Elkana,3093,35.0320425,32.1124928,5
Elkana,3097,35.0318977,32.1129903,5
Elkana,3101,35.0319321,32.1134591,5
Elkana,3105,35.0311466,32.1137537,5
Elkana,3109,35.0294863,32.1139922,5
Elkana,3113,35.0277751,32.1139513,5
Elkana,3117,35.0269623,32.1136493,5
Elkana,3121,35.026788,32.1127677,5
Elkana,3125,35.0271904,32.1122361,5
Elkana,3129,35.0287675,32.1118431,5
Elkana,3133,35.0300416,32.1112183,5
Elkana,3137,35.0320371,32.1090214,5
Elkana,3141,35.0326138,32.1078013,5
Elkana,3145,35.0323481,32.1068858,5
Elkana,3149,35.0338503,32.1063223,5
Elkana,3153,35.0360575,32.1054181,5
Elkana,3157,35.0366613,32.1061564,5
Elkana,3161,35.0377741,32.1067541,5
Elkana,3165,35.0376671,32.1073492,5
Elkana,3169,35.0388178,32.1078627,5
Elkana,3173,35.0392254,32.1085329,5
Elkana,3177,35.0390377,32.1092395,5
Elkana,3181,35.0385039,32.1096166,5
Elkana,3185,35.039094,32.109453,5
Elkana,3189,35.0393005,32.1101323,5
Elkana,3193,35.0396948,32.1107639,5
Elkana,3197,35.0406222,32.1117119,5
Etz Efraim,3201,35.0429719,32.1191109,5
Etz Efraim,3205,35.0436907,32.11917,5
Etz Efraim,3209,35.0441414,32.1190291,5
Etz Efraim,3213,35.0449997,32.1185294,5
Etz Efraim,3217,35.0458526,32.118284,5
Etz Efraim,3221,35.0467967,32.1179342,5
Etz Efraim,3225,35.0472903,32.1173299,5
Etz Efraim,3229,35.0484919,32.1184385,5
Etz Efraim,3233,35.0490283,32.1185612,5
Etz Efraim,3237,35.049951,32.118225,5
Etz Efraim,3241,35.0509488,32.1187429,5
Etz Efraim,3245,35.0502139,32.1194244,5
Etz Efraim,3249,35.0492375,32.1209737,5
Etz Efraim,3253,35.0498276,32.1221731,5
Etz Efraim,3257,35.0489425,32.1229273,5
Etz Efraim,3261,35.0479179,32.1218051,5
Etz Efraim,3265,35.0475424,32.121896,5
Etz Efraim,3269,35.0453483,32.1212872,5
Etz Efraim,3273,35.0453591,32.1205466,5
Etz Efraim,3277,35.0443935,32.1205421,5
Etz Efraim,3281,35.0429558,32.1207374,5
Etz Efraim,3285,35.0426125,32.1194744,5
Etz Efraim,3289,35.0426554,32.1190973,5
Hinanit,3293,35.1699974,32.4807809,5
Hinanit,3297,35.170618,32.480184,5
Hinanit,3301,35.1708165,32.4796827,5
Hinanit,3305,35.171229,32.4791773,5
Hinanit,3309,35.1716073,32.478916,5
Hinanit,3313,35.172285,32.4786608,5
Hinanit,3317,35.1727023,32.4782115,5
Hinanit,3321,35.1735719,32.4784862,5
Hinanit,3325,35.174761,32.4782558,5
Hinanit,3329,35.1764454,32.4788441,5
Hinanit,3333,35.1765956,32.4796858,5
Hinanit,3337,35.1756086,32.4789165,5
Hinanit,3341,35.1757205,32.479729,5
Hinanit,3345,35.1758261,32.4808156,5
Hinanit,3349,35.1762444,32.4817427,5
Hinanit,3353,35.1753042,32.4825288,5
Hinanit,3357,35.173319,32.4828248,5
Hinanit,3361,35.1723546,32.4826468,5
Hinanit,3365,35.1716463,32.4823053,5
Hinanit,3369,35.1709952,32.4816956,5
Shaked,3373,35.1661359,32.4761765,5
Shaked,3377,35.1657663,32.4754737,5
Shaked,3381,35.166962,32.4745654,5
Shaked,3385,35.1661311,32.4749311,5
Shaked,3389,35.1651784,32.4745227,5
Shaked,3393,35.1640495,32.4753118,5
Shaked,3397,35.1634887,32.4743221,5
Shaked,3401,35.1639431,32.472821,5
Shaked,3405,35.1648617,32.472512,5
Shaked,3409,35.1657254,32.472576,5
Shaked,3413,35.1669299,32.4718953,5
Shaked,3417,35.16847,32.4714373,5
Shaked,3421,35.1705347,32.4706914,5
Shaked,3425,35.1718866,32.4707638,5
Shaked,3429,35.1718328,32.4721491,5
Shaked,3433,35.172938,32.473081,5
Shaked,3437,35.1723801,32.4740495,5
Shaked,3441,35.1712858,32.4744658,5
Shaked,3445,35.1701592,32.4747736,5
Shaked,3449,35.1694082,32.4747645,5
Shaked,3453,35.168389,32.4749455,5
Shaked,3457,35.1671981,32.4754253,5
Shaked,3461,35.1669728,32.4761584,5
Nili,3465,35.0482486,31.963165,5
Nili,3469,35.0498662,31.964734,5
Nili,3473,35.0513082,31.9655095,5
Nili,3477,35.0523985,31.9657937,5
Nili,3481,35.0528156,31.96592,5
Nili,3485,35.0525828,31.9666017,5
Nili,3489,35.0511671,31.9670325,5
Nili,3493,35.049995,31.9667731,5
Nili,3497,35.0490771,31.9670587,5
Nili,3501,35.0469694,31.9652877,5
Nili,3505,35.0460985,31.9654367,5
Nili,3509,35.044987,31.9655168,5
Nili,3513,35.0451761,31.9663617,5
Nili,3517,35.0444034,31.9664163,5
Nili,3521,35.0437038,31.9658008,5
Nili,3525,35.0440217,31.9641478,5
Nili,3529,35.0435536,31.9629318,5
Nili,3533,35.0432903,31.9618406,5
Nili,3537,35.0424321,31.9602725,5
Nili,3541,35.04184,31.9602402,5
Nili,3545,35.041958,31.9592025,5
Nili,3549,35.0438318,31.9584957,5
Nili,3553,35.0450586,31.9585016,5
Nili,3557,35.0458633,31.9584652,5
Nili,3561,35.046271,31.9592571,5
Nili,3565,35.0462602,31.9605861,5
Nili,3569,35.0481056,31.9623975,5
Eshkolot,3573,34.8979873,31.3916275,5
Eshkolot,3577,34.9016845,31.3916192,5
Eshkolot,3581,34.9027757,31.3913299,5
Eshkolot,3585,34.9035241,31.3906884,5
Eshkolot,3589,34.9040088,31.3903113,5
Eshkolot,3593,34.9039772,31.3892545,5
Eshkolot,3597,34.9047958,31.3888589,5
Eshkolot,3601,34.9060579,31.3894436,5
Eshkolot,3605,34.9064594,31.3904952,5
Eshkolot,3609,34.9068848,31.3914475,5
Eshkolot,3613,34.9068655,31.392419,5
Eshkolot,3617,34.9055147,31.3930708,5
Eshkolot,3621,34.9035395,31.3925105,5
Eshkolot,3625,34.9031389,31.3919296,5
Eshkolot,3629,34.9035332,31.391198,5
Eshkolot,3633,34.9032484,31.3909528,5
Eshkolot,3637,34.9030779,31.3915048,5
Eshkolot,3641,34.9025301,31.3917118,5
Eshkolot,3645,34.9017085,31.3921118,5
Eshkolot,3649,34.9017527,31.392704,5
Eshkolot,3653,34.8981094,31.3924927,5
Eshkolot,3657,34.896395,31.3927509,5
Eshkolot,3661,34.8957876,31.3922625,5
Eshkolot,3665,34.8960395,31.3916069,5
Eshkolot,3669,34.8977806,31.3915425,5
Rechelim,3673,35.2571953,32.1018368,5
Rechelim,3677,35.2592054,32.1024298,5
Rechelim,3681,35.2600294,32.1027005,5
Rechelim,3685,35.260283,32.1032873,5
Rechelim,3689,35.2598169,32.1037763,5
Rechelim,3693,35.2593663,32.1041343,5
Rechelim,3697,35.2581335,32.1038167,5
Rechelim,3701,35.2570435,32.1034672,5
Rechelim,3705,35.2558402,32.1029356,5
Rechelim,3709,35.2555586,32.1026316,5
Rechelim,3713,35.2542964,32.1016573,5
Rechelim,3717,35.2535668,32.1009738,5
Rechelim,3721,35.2540125,32.1007585,5
Rechelim,3725,35.2546917,32.1006757,5
Rechelim,3729,35.2549943,32.1003279,5
Rechelim,3733,35.2557984,32.1010393,5
Rechelim,3737,35.2547918,32.1013331,5
Rechelim,3741,35.2541459,32.101193,5
Rechelim,3745,35.2536526,32.1012574,5
Rechelim,3749,35.2553263,32.1021303,5
Rechelim,3753,35.2561509,32.1014755,5
Shilo,3757,35.2958155,32.055288,5
Shilo,3761,35.2966738,32.054546,5
Shilo,3765,35.2980468,32.0538442,5
Shilo,3769,35.2942402,32.0529674,5
Shilo,3773,35.2921374,32.0522945,5
Shilo,3777,35.2919442,32.0527821,5
Shilo,3781,35.2911303,32.0527531,5
Shilo,3785,35.2908114,32.0523015,5
Shilo,3789,35.2924633,32.0504707,5
Shilo,3793,35.2933572,32.0511616,5
Shilo,3797,35.2944119,32.0504433,5
Shilo,3801,35.2943102,32.0492587,5
Shilo,3805,35.2958176,32.0487354,5
Shilo,3809,35.2970844,32.0487429,5
Shilo,3813,35.2980063,32.0493755,5
Shilo,3817,35.2994627,32.0499995,5
Shilo,3821,35.3005442,32.0502542,5
Shilo,3825,35.2994373,32.0512181,5
Shilo,3829,35.2984505,32.0522472,5
Shilo,3833,35.2981629,32.0539352,5
Shilo,3837,35.2984373,32.0543678,5
Shilo,3841,35.2983775,32.0541132,5
Shilo,3845,35.2985832,32.0531022,5
Shilo,3849,35.2992913,32.0521236,5
Shilo,3853,35.3000786,32.0520183,5
Shilo,3857,35.3012789,32.0527224,5
Shilo,3861,35.3023812,32.052473,5
Shilo,3865,35.3029444,32.0520669,5
Shilo,3869,35.30354,32.052382,5
Shilo,3873,35.3036684,32.0535319,5
Shilo,3877,35.3029606,32.0524582,5
Shilo,3881,35.3025867,32.0534591,5
Shilo,3885,35.3015444,32.0536185,5
Shilo,3889,35.3019306,32.0541495,5
Shilo,3893,35.3018706,32.0549679,5
Shilo,3897,35.3027718,32.0567793,5
Shilo,3901,35.3016345,32.0571211,5
Shilo,3905,35.2985403,32.0546879,5
Shilo,3909,35.2982399,32.0555608,5
Shilo,3913,35.297961,32.0562484,5
Shilo,3917,35.2967296,32.0560302,5
Shilo,3921,35.295731,32.0554192,5
Kfar Adumim,3925,35.3356788,31.8199878,5
Kfar Adumim,3929,35.3368745,31.8206077,5
Kfar Adumim,3933,35.3376797,31.8210451,5
Kfar Adumim,3937,35.3362163,31.8221511,5
Kfar Adumim,3941,35.3369888,31.8228987,5
Kfar Adumim,3945,35.3369673,31.8234593,5
Kfar Adumim,3949,35.3365328,31.823947,5
Kfar Adumim,3953,35.3359535,31.8252004,5
Kfar Adumim,3957,35.3368922,31.8249634,5
Kfar Adumim,3961,35.3374372,31.8245666,5
Kfar Adumim,3965,35.3378353,31.8249149,5
Kfar Adumim,3969,35.3369513,31.8260984,5
Kfar Adumim,3973,35.3372409,31.8266499,5
Kfar Adumim,3977,35.3381046,31.8268003,5
Kfar Adumim,3981,35.3396579,31.8267298,5
Kfar Adumim,3985,35.3414198,31.8276754,5
Kfar Adumim,3989,35.3420678,31.8280462,5
Kfar Adumim,3993,35.3429218,31.8280127,5
Kfar Adumim,3997,35.3441342,31.8282816,5
Kfar Adumim,4001,35.3454386,31.8277704,5
Kfar Adumim,4005,35.3459892,31.8282832,5
Kfar Adumim,4009,35.3450612,31.8289167,5
Kfar Adumim,4013,35.3438005,31.8289258,5
Kfar Adumim,4017,35.3411891,31.8284183,5
Kfar Adumim,4021,35.3392687,31.8282178,5
Kfar Adumim,4025,35.3378203,31.8282086,5
Kfar Adumim,4029,35.337257,31.8285186,5
Kfar Adumim,4033,35.3365234,31.8276014,5
Kfar Adumim,4037,35.3346402,31.8274208,5
Kfar Adumim,4041,35.332413,31.8270783,5
Kfar Adumim,4045,35.3310343,31.8267319,5
Kfar Adumim,4049,35.3294142,31.8265268,5
Kfar Adumim,4053,35.3281375,31.8257064,5
Kfar Adumim,4057,35.3280195,31.8251777,5
Kfar Adumim,4061,35.3290709,31.8250136,5
Kfar Adumim,4065,35.3305719,31.8240352,5
Kfar Adumim,4069,35.3310504,31.8245988,5
Kfar Adumim,4073,35.3316297,31.8233134,5
Kfar Adumim,4077,35.3324655,31.8221801,5
Kfar Adumim,4081,35.3332337,31.8228348,5
Kfar Adumim,4085,35.3325256,31.8240655,5
Kfar Adumim,4089,35.3327724,31.824535,5
Kfar Adumim,4093,35.3321286,31.8259707,5
Kfar Adumim,4097,35.3320535,31.826349,5
Kfar Adumim,4101,35.3330781,31.8267957,5
Kfar Adumim,4105,35.3328475,31.8263582,5
Kfar Adumim,4109,35.333002,31.8260225,5
Kfar Adumim,4113,35.3333356,31.8268823,5
Kfar Adumim,4117,35.3341296,31.826937,5
Kfar Adumim,4121,35.3338989,31.8261029,5
Kfar Adumim,4125,35.3338077,31.8246763,5
Kfar Adumim,4129,35.3348206,31.8242036,5
Kfar Adumim,4133,35.3350845,31.8236942,5
Kfar Adumim,4137,35.334902,31.8230582,5
Kfar Adumim,4141,35.3353044,31.8221466,5
Kfar Adumim,4145,35.3344514,31.8208475,5
Kfar Adumim,4149,35.3343817,31.8198538,5
Nokdim,4153,35.2446964,31.6483355,5
Nokdim,4157,35.2456191,31.6482077,5
Nokdim,4161,35.2464184,31.648468,5
Nokdim,4165,35.246118,31.6491667,5
Nokdim,4169,35.2451792,31.6496279,5
Nokdim,4173,35.244455,31.6497603,5
Nokdim,4177,35.2438381,31.6498014,5
Nokdim,4181,35.2435699,31.6490023,5
Nokdim,4185,35.2436418,31.6482013,5
Nokdim,4189,35.2429798,31.6466596,5
Nokdim,4193,35.2421489,31.6463231,5
Nokdim,4197,35.2417502,31.6460775,5
Nokdim,4201,35.2414872,31.6451696,5
Nokdim,4205,35.2415509,31.6444811,5
Nokdim,4209,35.2417591,31.6440533,5
Nokdim,4213,35.2419044,31.6435138,5
Nokdim,4217,35.2424394,31.6432001,5
Nokdim,4221,35.2430518,31.642816,5
Nokdim,4225,35.2434381,31.6423045,5
Nokdim,4229,35.2448328,31.6416606,5
Nokdim,4233,35.2463595,31.6417641,5
Nokdim,4237,35.2477107,31.6415288,5
Nokdim,4241,35.2482058,31.6420521,5
Nokdim,4245,35.2480657,31.6423837,5
Nokdim,4249,35.2476832,31.6428157,5
Nokdim,4253,35.2467637,31.643932,5
Nokdim,4257,35.2463413,31.6440343,5
Nokdim,4261,35.2460976,31.6442995,5
Nokdim,4265,35.2454904,31.6460385,5
Nokdim,4269,35.2448574,31.6467555,5
Nokdim,4273,35.244514,31.6475912,5
Rimonim,4277,35.3386679,31.9366286,5
Rimonim,4281,35.3378346,31.9372925,5
Rimonim,4285,35.3377507,31.9366123,5
Rimonim,4289,35.3385438,31.9347823,5
Rimonim,4293,35.3387597,31.9339684,5
Rimonim,4297,35.3397344,31.932661,5
Rimonim,4301,35.3405123,31.9318643,5
Rimonim,4305,35.3410938,31.9316533,5
Rimonim,4309,35.3415229,31.9313892,5
Rimonim,4313,35.3429016,31.9304423,5
Rimonim,4317,35.3440335,31.9301418,5
Rimonim,4321,35.3445592,31.9304013,5
Rimonim,4325,35.3448382,31.9304741,5
Rimonim,4329,35.3429821,31.9317398,5
Rimonim,4333,35.3427278,31.9326292,5
Rimonim,4337,35.3421077,31.9333742,5
Rimonim,4341,35.3414854,31.9341299,5
Rimonim,4345,35.3420802,31.9346427,5
Rimonim,4349,35.3413223,31.9349143,5
Rimonim,4353,35.3414934,31.9351346,5
Rimonim,4357,35.3423576,31.9348005,5
Rimonim,4361,35.342215,31.9355958,5
Rimonim,4365,35.340375,31.9363971,5
Rimonim,4369,35.3395542,31.93713,5
Rimonim,4373,35.3386852,31.9377946,5
Rimonim,4377,35.3388837,31.9369661,5
Mehola,4381,35.5161277,32.3668889,5
Mehola,4385,35.5157228,32.3671271,5
Mehola,4389,35.5121874,32.368573,5
Mehola,4393,35.5116997,32.3682369,5
Mehola,4397,35.511514,32.367765,5
Mehola,4401,35.5116907,32.3672698,5
Mehola,4405,35.5127362,32.3658253,5
Mehola,4409,35.5125283,32.3654386,5
Mehola,4413,35.5135865,32.3640784,5
Mehola,4417,35.5143622,32.3635058,5
Mehola,4421,35.5154623,32.363368,5
Mehola,4425,35.5158953,32.3631942,5
Mehola,4429,35.5169359,32.362872,5
Mehola,4433,35.5171074,32.3631865,5
Mehola,4437,35.5188926,32.3630237,5
Mehola,4441,35.5198054,32.3636988,5
Mehola,4445,35.5197206,32.3650899,5
Mehola,4449,35.5193915,32.3653866,5
Mehola,4453,35.5187036,32.3657725,5
Ofra,4457,35.2623187,31.9474781,5
Ofra,4461,35.2635096,31.947906,5
Ofra,4465,35.2646951,31.9478422,5
Ofra,4469,35.2655878,31.9479211,5
Ofra,4473,35.2656661,31.9499588,5
Ofra,4477,35.2660094,31.9502866,5
Ofra,4481,35.2665619,31.9513608,5
Ofra,4485,35.2651994,31.9518751,5
Ofra,4489,35.2640138,31.9514472,5
Ofra,4493,35.2622918,31.9502274,5
Ofra,4497,35.2609025,31.9505323,5
Ofra,4501,35.2591537,31.9519434,5
Ofra,4505,35.2605967,31.9522483,5
Ofra,4509,35.2621416,31.9527081,5
Ofra,4513,35.2624957,31.9536138,5
Ofra,4517,35.2629892,31.9542783,5
Ofra,4521,35.2631984,31.9550749,5
Ofra,4525,35.2638368,31.9565951,5
Ofra,4529,35.2624367,31.9589345,5
Ofra,4533,35.2627609,31.9598993,5
Ofra,4537,35.2619442,31.959942,5
Ofra,4541,35.261028,31.9599548,5
Ofra,4545,35.2588876,31.9592785,5
Ofra,4549,35.2571036,31.9578762,5
Ofra,4553,35.256568,31.9575327,5
Ofra,4557,35.2565597,31.956764,5
Ofra,4561,35.258054,31.9559351,5
Ofra,4565,35.2576141,31.9552842,5
Ofra,4569,35.2567021,31.9544194,5
Ofra,4573,35.2569382,31.9532542,5
Ofra,4577,35.2573083,31.9526034,5
Ofra,4581,35.2596365,31.9496357,5
Ofra,4585,35.2600495,31.9483748,5
Ofra,4589,35.2610419,31.9476465,5
Migdalim,4593,35.3407,32.0884288,5
Migdalim,4597,35.3412965,32.0883657,5
Migdalim,4601,35.3422527,32.0883761,5
Migdalim,4605,35.3428478,32.0892633,5
Migdalim,4609,35.3439617,32.0895742,5
Migdalim,4613,35.3441143,32.0909202,5
Migdalim,4617,35.3438697,32.0914571,5
Migdalim,4621,35.3438864,32.0920802,5
Migdalim,4625,35.3432159,32.0923369,5
Migdalim,4629,35.3425739,32.0928273,5
Migdalim,4633,35.3417729,32.0929368,5
Migdalim,4637,35.3421754,32.0911525,5
Migdalim,4641,35.3420232,32.0907763,5
Migdalim,4645,35.3410326,32.0901559,5
Migdalim,4649,35.3411828,32.0893378,5
Argaman,4653,35.5198935,32.1746044,5
Argaman,4657,35.5197047,32.1741017,5
Argaman,4661,35.520974,32.1733128,5
Argaman,4665,35.521265,32.1727681,5
Argaman,4669,35.5228441,32.1725617,5
Argaman,4673,35.5217425,32.1711684,5
Argaman,4677,35.5233799,32.1713174,5
Argaman,4681,35.5251657,32.1713955,5
Argaman,4685,35.5253139,32.1721751,5
Argaman,4689,35.525287,32.1731438,5
Argaman,4693,35.5247853,32.1741049,5
Argaman,4697,35.5238681,32.1740958,5
Argaman,4701,35.5226766,32.1738202,5
Argaman,4705,35.5214591,32.1744318,5
Argaman,4709,35.5198935,32.1746044,5
Maskiot,4713,35.50152,32.3158535,5
Maskiot,4717,35.5023869,32.3160711,5
Maskiot,4721,35.5031251,32.3167167,5
Maskiot,4725,35.5034947,32.3176641,5
Maskiot,4729,35.5036921,32.318156,5
Maskiot,4733,35.502587,32.3184548,5
Maskiot,4737,35.5012548,32.3180697,5
Maskiot,4741,35.5006749,32.3179631,5
Maskiot,4745,35.5026659,32.3200043,5
Maskiot,4749,35.5020007,32.3204926,5
Maskiot,4753,35.4998281,32.318103,5
Maskiot,4757,35.5003476,32.317671,5
Maskiot,4761,35.5012996,32.3173037,5
Hemdat,4765,35.5263351,32.252988,5
Hemdat,4769,35.5254235,32.2524176,5
Hemdat,4773,35.5243775,32.2522247,5
Hemdat,4777,35.5247715,32.251733,5
Hemdat,4781,35.5249298,32.2513898,5
Hemdat,4785,35.5243144,32.2510627,5
Hemdat,4789,35.524177,32.2499423,5
Hemdat,4793,35.5244462,32.2491238,5
Hemdat,4797,35.5253849,32.2492554,5
Hemdat,4801,35.5263446,32.2497857,5
Hemdat,4805,35.5260232,32.2504417,5
Hemdat,4809,35.526205,32.2508824,5
Hemdat,4813,35.5260756,32.2511813,5
Hemdat,4817,35.5265526,32.2518564,5
Hemdat,4821,35.5269839,32.2514788,5
Hemdat,4825,35.5281494,32.251385,5
Hemdat,4829,35.5274081,32.2518568,5
Hemdat,4833,35.5286372,32.2528449,5
Hemdat,4837,35.5283951,32.2529955,5
Hemdat,4841,35.5281006,32.2532271,5
Hemdat,4845,35.526853,32.2537489,5
Beka'ot,4849,35.4512606,32.2430056,5
Beka'ot,4853,35.4518624,32.2421249,5
Beka'ot,4857,35.4529907,32.2412157,5
Beka'ot,4861,35.4533792,32.2405769,5
Beka'ot,4865,35.4544775,32.2404848,5
Beka'ot,4869,35.4554456,32.2410853,5
Beka'ot,4873,35.4573163,32.2415876,5
Beka'ot,4877,35.4560151,32.242263,5
Beka'ot,4881,35.4553646,32.2432323,5
Beka'ot,4885,35.4541005,32.2430309,5
Beka'ot,4889,35.4530827,32.2436708,5
Beka'ot,4893,35.4516206,32.2445994,5
Beka'ot,4897,35.4515453,32.2452315,5
Beka'ot,4901,35.4510788,32.2446033,5
Beka'ot,4905,35.4506437,32.2438495,5
Beka'ot,4909,35.4506633,32.243257,5
Beka'ot,4913,35.4514839,32.2430875,5
Nahliel,4917,35.1366671,31.9746351,5
Nahliel,4921,35.1369415,31.9741363,5
Nahliel,4925,35.1377311,31.9736592,5
Nahliel,4929,35.1385983,31.973277,5
Nahliel,4933,35.1402248,31.9732481,5
Nahliel,4937,35.1412719,31.9730187,5
Nahliel,4941,35.1416581,31.9741434,5
Nahliel,4945,35.1419028,31.9745038,5
Nahliel,4949,35.1412118,31.9751664,5
Nahliel,4953,35.1402462,31.974897,5
Nahliel,4957,35.1391519,31.9749589,5
Nahliel,4961,35.1389378,31.9751873,5
Nahliel,4965,35.1377783,31.9754285,5
Nahliel,4969,35.1373492,31.9750135,5
Dolev,4973,35.131801,31.9258753,5
Dolev,4977,35.1308179,31.9271026,5
Dolev,4981,35.1304532,31.9276892,5
Dolev,4985,35.1307192,31.9283118,5
Dolev,4989,35.1309083,31.9287307,5
Dolev,4993,35.1317023,31.9287962,5
Dolev,4997,35.1311484,31.9281734,5
Dolev,5001,35.132067,31.9291097,5
Dolev,5005,35.1311055,31.9289422,5
Dolev,5009,35.1304363,31.9293317,5
Dolev,5013,35.1282047,31.9289057,5
Dolev,5017,35.126638,31.9282681,5
Dolev,5021,35.1266723,31.9272665,5
Dolev,5025,35.1278656,31.9267823,5
Dolev,5029,35.1286381,31.9264324,5
Dolev,5033,35.1292901,31.9270516,5
Dolev,5037,35.1287626,31.9277655,5
Dolev,5041,35.1284962,31.9282754,5
Dolev,5045,35.1289986,31.9286726,5
Dolev,5049,35.1304532,31.92888,5
Dolev,5053,35.1305993,31.9282681,5
Dolev,5057,35.1300844,31.9274122,5
Dolev,5061,35.1310585,31.9267859,5
Dolev,5065,35.1321014,31.9252049,5
Dolev,5069,35.1320799,31.9243672,5
Dolev,5073,35.1334787,31.9236608,5
Dolev,5077,35.134058,31.9240576,5
Dolev,5081,35.1331399,31.9244473,5
Dolev,5085,35.1341184,31.9246731,5
Dolev,5089,35.1353927,31.9250192,5
Dolev,5093,35.137204,31.9239374,5
Dolev,5097,35.1379891,31.9242618,5
Dolev,5101,35.1382597,31.9248225,5
Dolev,5105,35.1391438,31.9250774,5
Dolev,5109,35.1392253,31.9258753,5
Dolev,5113,35.1377877,31.926021,5
Dolev,5117,35.1379075,31.9262648,5
Dolev,5121,35.1369251,31.9270955,5
Dolev,5125,35.1342901,31.9283706,5
Dolev,5129,35.1329852,31.9279988,5
Dolev,5133,35.1328309,31.9274996,5
Dolev,5137,35.1322087,31.9271866,5
Dolev,5141,35.1321872,31.925988,5
Elon Moreh,5145,35.3406267,32.2332419,5
Elon Moreh,5149,35.3405624,32.2337933,5
Elon Moreh,5153,35.3404163,32.2341191,5
Elon Moreh,5157,35.3400927,32.2344225,5
Elon Moreh,5161,35.338005,32.235805,5
Elon Moreh,5165,35.3373871,32.2357281,5
Elon Moreh,5169,35.3362573,32.2355552,5
Elon Moreh,5173,35.3353547,32.2356526,5
Elon Moreh,5177,35.334544,32.2356928,5
Elon Moreh,5181,35.3327337,32.2355477,5
Elon Moreh,5185,35.3323528,32.2359454,5
Elon Moreh,5189,35.3332326,32.2363048,5
Elon Moreh,5193,35.3339407,32.2365771,5
Elon Moreh,5197,35.3340642,32.2371894,5
Elon Moreh,5201,35.3350054,32.23809,5
Elon Moreh,5205,35.3348119,32.2387584,5
Elon Moreh,5209,35.3326243,32.239283,5
Elon Moreh,5213,35.3311577,32.2388437,5
Elon Moreh,5217,35.3303669,32.2389422,5
Elon Moreh,5221,35.3310021,32.239675,5
Elon Moreh,5225,35.3309592,32.2407063,5
Elon Moreh,5229,35.3296776,32.2411251,5
Elon Moreh,5233,35.3293879,32.2388551,5
Elon Moreh,5237,35.3294142,32.2378963,5
Elon Moreh,5241,35.3293284,32.2370692,5
Elon Moreh,5245,35.3301867,32.2361539,5
Elon Moreh,5249,35.3290521,32.2347872,5
Elon Moreh,5253,35.3299407,32.2340446,5
Elon Moreh,5257,35.3297313,32.2333374,5
Elon Moreh,5261,35.3275876,32.2326491,5
Elon Moreh,5265,35.3270787,32.2316939,5
Elon Moreh,5269,35.3278794,32.2308113,5
Elon Moreh,5273,35.3288672,32.2301819,5
Elon Moreh,5277,35.3298117,32.2304397,5
Elon Moreh,5281,35.3307698,32.2321105,5
Elon Moreh,5285,35.3320996,32.232326,5
Elon Moreh,5289,35.332186,32.2326405,5
Elon Moreh,5293,35.3317998,32.2329313,5
Elon Moreh,5297,35.3332935,32.235494,5
Elon Moreh,5301,35.3349343,32.2356249,5
Elon Moreh,5305,35.335822,32.2355126,5
Elon Moreh,5309,35.3367527,32.2355308,5
Elon Moreh,5313,35.3377813,32.2357341,5
Elon Moreh,5317,35.3381987,32.2356595,5
Elon Moreh,5321,35.3401955,32.2342374,5
Elon Moreh,5325,35.3404377,32.2339257,5
Elon Moreh,5329,35.340521,32.2335481,5
Elon Moreh,5333,35.3405926,32.2331031,5
Elon Moreh,5337,35.3392459,32.2322448,5
Elon Moreh,5341,35.3402493,32.2313899,5
Elon Moreh,5345,35.3412503,32.231693,5
Elon Moreh,5349,35.3420686,32.2317567,5
Elon Moreh,5353,35.3424763,32.2319852,5
Elon Moreh,5357,35.3427738,32.2326259,5
Elon Moreh,5361,35.34231,32.2332939,5
Elon Moreh,5365,35.3414517,32.2333629,5
Elon Moreh,5369,35.3412717,32.2328801,5
Elon Moreh,5373,35.3406607,32.233138,5
Talmon,5377,35.1412277,31.9345225,5
Talmon,5381,35.1418848,31.9348937,5
Talmon,5385,35.1411214,31.9351109,5
Talmon,5389,35.1416569,31.9355058,5
Talmon,5393,35.1417508,31.9359228,5
Talmon,5397,35.1426761,31.9362764,5
Talmon,5401,35.1406908,31.936911,5
Talmon,5405,35.1401924,31.9372905,5
Talmon,5409,35.1395517,31.937736,5
Talmon,5413,35.1392426,31.9380433,5
Talmon,5417,35.1385343,31.9378611,5
Talmon,5421,35.1377213,31.9364457,5
Talmon,5425,35.1376228,31.9356008,5
Talmon,5429,35.1367992,31.9366961,5
Talmon,5433,35.1369319,31.9374836,5
Talmon,5437,35.1368064,31.9382832,5
Talmon,5441,35.13658,31.9393007,5
Talmon,5445,35.1359234,31.9399708,5
Talmon,5449,35.1354996,31.9405765,5
Talmon,5453,35.1348462,31.9410199,5
Talmon,5457,35.1338331,31.9410697,5
Talmon,5461,35.1326723,31.9411976,5
Talmon,5465,35.1313011,31.9402551,5
Talmon,5469,35.1303593,31.9396506,5
Talmon,5473,35.1289883,31.9397416,5
Talmon,5477,35.1286109,31.9391043,5
Talmon,5481,35.1298079,31.9387909,5
Talmon,5485,35.1295536,31.938124,5
Talmon,5489,35.1308656,31.9381729,5
Talmon,5493,35.1315406,31.9382089,5
Talmon,5497,35.1326989,31.9383914,5
Talmon,5501,35.1334386,31.9382639,5
Talmon,5505,35.1348542,31.9386941,5
Talmon,5509,35.1352685,31.9385123,5
Talmon,5513,35.1357775,31.9379241,5
Talmon,5517,35.136344,31.9376437,5
Talmon,5521,35.1371634,31.9358994,5
Talmon,5525,35.1376986,31.9353717,5
Talmon,5529,35.1389041,31.9350355,5
Talmon,5533,35.1398155,31.9351105,5
Beit El,5537,35.2268437,31.9341254,5
Beit El,5541,35.2275799,31.9340122,5
Beit El,5545,35.2280425,31.9343453,5
Beit El,5549,35.229086,31.9341796,5
Beit El,5553,35.229786,31.9345161,5
Beit El,5557,35.2295481,31.9352771,5
Beit El,5561,35.2286994,31.9357823,5
Beit El,5565,35.2279508,31.9358068,5
Beit El,5569,35.2264851,31.9359858,5
Beit El,5573,35.2243182,31.9367397,5
Beit El,5577,35.2235071,31.9373588,5
Beit El,5581,35.2228673,31.9392423,5
Beit El,5585,35.2233053,31.9400025,5
Beit El,5589,35.2237171,31.9400426,5
Beit El,5593,35.224225,31.941172,5
Beit El,5597,35.2248897,31.9415226,5
Beit El,5601,35.2247328,31.9423781,5
Beit El,5605,35.2255607,31.9420373,5
Beit El,5609,35.226811,31.9425015,5
Beit El,5613,35.2272664,31.9428722,5
Beit El,5617,35.2297123,31.94509,5
Beit El,5621,35.2305496,31.9467392,5
Beit El,5625,35.2298321,31.948116,5
Beit El,5629,35.2290743,31.9470708,5
Beit El,5633,35.2300861,31.9463355,5
Beit El,5637,35.2297724,31.9453854,5
Beit El,5641,35.2288414,31.9445476,5
Beit El,5645,35.228824,31.9452327,5
Beit El,5649,35.2280258,31.9461504,5
Beit El,5653,35.2275921,31.9465947,5
Beit El,5657,35.2273391,31.946004,5
Beit El,5661,35.2271806,31.9460075,5
Beit El,5665,35.2264765,31.9454983,5
Beit El,5669,35.2260863,31.9455998,5
Beit El,5673,35.2262365,31.9466083,5
Beit El,5677,35.2257252,31.9457061,5
Beit El,5681,35.2253782,31.945425,5
Beit El,5685,35.2249144,31.9450208,5
Beit El,5689,35.2242149,31.9448569,5
Beit El,5693,35.2235025,31.945352,5
Beit El,5697,35.2239789,31.9453629,5
Beit El,5701,35.2246695,31.9463067,5
Beit El,5705,35.2244254,31.9475808,5
Beit El,5709,35.2236699,31.9476796,5
Beit El,5713,35.222284,31.9468416,5
Beit El,5717,35.2204987,31.9467324,5
Beit El,5721,35.2199193,31.9459057,5
Beit El,5725,35.2197691,31.9453818,5
Beit El,5729,35.2199719,31.9446503,5
Beit El,5733,35.2195972,31.9441621,5
Beit El,5737,35.2188089,31.9440892,5
Beit El,5741,35.2181169,31.9441031,5
Beit El,5745,35.2180826,31.9427819,5
Beit El,5749,35.2183526,31.9418462,5
Beit El,5753,35.2182176,31.9404326,5
Beit El,5757,35.218596,31.939038,5
Beit El,5761,35.2197906,31.9380651,5
Beit El,5765,35.2204641,31.9371082,5
Beit El,5769,35.221181,31.93694,5
Beit El,5773,35.221166,31.9360402,5
Beit El,5777,35.2218808,31.9348456,5
Beit El,5781,35.2229943,31.9351147,5
Beit El,5785,35.2238244,31.9355852,5
Beit El,5789,35.2248058,31.9350872,5
Kfar Etzion,5793,35.1136136,31.6468201,5
Kfar Etzion,5797,35.1142018,31.6462721,5
Kfar Etzion,5801,35.1154378,31.6463308,5
Kfar Etzion,5805,35.1159098,31.6464586,5
Kfar Etzion,5809,35.1165579,31.6474816,5
Kfar Etzion,5813,35.116062,31.6486747,5
Kfar Etzion,5817,35.1164203,31.6490158,5
Kfar Etzion,5821,35.1171498,31.6503819,5
Kfar Etzion,5825,35.1169613,31.6513794,5
Kfar Etzion,5829,35.1161115,31.652037,5
Kfar Etzion,5833,35.1156073,31.6524918,5
Kfar Etzion,5837,35.1154803,31.6539333,5
Kfar Etzion,5841,35.1147855,31.6546264,5
Kfar Etzion,5845,35.1138193,31.6547128,5
Kfar Etzion,5849,35.1142004,31.6540912,5
Kfar Etzion,5853,35.1140773,31.653659,5
Kfar Etzion,5857,35.1134951,31.6524299,5
Kfar Etzion,5861,35.1133435,31.651768,5
Kfar Etzion,5865,35.1130662,31.6510997,5
Kfar Etzion,5869,35.1133776,31.650678,5
Kfar Etzion,5873,35.1136479,31.6495786,5
Kfar Etzion,5877,35.1137853,31.6483655,5
Kfar Etzion,5881,35.113631,31.647401,5
Bat Ayin,5885,35.0955679,31.6597302,5
Bat Ayin,5889,35.0959198,31.6588389,5
Bat Ayin,5893,35.0968768,31.6580318,5
Bat Ayin,5897,35.0975849,31.6574471,5
Bat Ayin,5901,35.0989496,31.6570343,5
Bat Ayin,5905,35.1001513,31.6565891,5
Bat Ayin,5909,35.1007947,31.6564795,5
Bat Ayin,5913,35.1015801,31.6557925,5
Bat Ayin,5917,35.1029834,31.655654,5
Bat Ayin,5921,35.1037511,31.6554985,5
Bat Ayin,5925,35.1048239,31.6548375,5
Bat Ayin,5929,35.1060942,31.6543843,5
Bat Ayin,5933,35.1073602,31.653906,5
Bat Ayin,5937,35.1084852,31.6529105,5
Bat Ayin,5941,35.1095795,31.6527203,5
Bat Ayin,5945,35.1086094,31.6540537,5
Bat Ayin,5949,35.1069265,31.6542199,5
Bat Ayin,5953,35.106871,31.6557252,5
Bat Ayin,5957,35.107901,31.6560939,5
Bat Ayin,5961,35.1073474,31.6569307,5
Bat Ayin,5965,35.106584,31.6579403,5
Bat Ayin,5969,35.1055669,31.6584263,5
Bat Ayin,5973,35.1019148,31.6594781,5
Bat Ayin,5977,35.1003055,31.6601101,5
Bat Ayin,5981,35.0990003,31.6610397,5
Bat Ayin,5985,35.0968597,31.6606069,5
Bat Ayin,5989,35.096151,31.6601996,5
Bat Ayin,5993,35.0956664,31.6600409,5
Hermesh,5997,35.1195271,32.4221563,5
Hermesh,6001,35.1209259,32.4232505,5
Hermesh,6005,35.1210975,32.4242974,5
Hermesh,6009,35.1203473,32.4246631,5
Hermesh,6013,35.1188413,32.425297,5
Hermesh,6017,35.1177853,32.424076,5
Hermesh,6021,35.1170174,32.4225582,5
Mevo Dotan,6025,35.1720265,32.4219315,5
Mevo Dotan,6029,35.1711081,32.4212688,5
Mevo Dotan,6033,35.1718589,32.421236,5
Mevo Dotan,6037,35.1715716,32.4203448,5
Mevo Dotan,6041,35.1720437,32.4198666,5
Mevo Dotan,6045,35.1715745,32.4193126,5
Mevo Dotan,6049,35.1740595,32.4185491,5
Mevo Dotan,6053,35.176498,32.4194536,5
Mevo Dotan,6057,35.1780078,32.4198306,5
Mevo Dotan,6061,35.178721,32.4199538,5
Mevo Dotan,6065,35.1792749,32.4196603,5
Mevo Dotan,6069,35.1811288,32.4208015,5
Mevo Dotan,6073,35.1783093,32.4207759,5
Mevo Dotan,6077,35.1780633,32.41999,5
Mevo Dotan,6081,35.1768502,32.4199753,5
Mevo Dotan,6085,35.1763438,32.4215567,5
Mevo Dotan,6089,35.1745177,32.4217306,5
Kfar Tapuach,6093,35.2516506,32.1158175,5
Kfar Tapuach,6097,35.2525558,32.1162973,5
Kfar Tapuach,6101,35.2525389,32.1174641,5
Kfar Tapuach,6105,35.2522964,32.1186163,5
Kfar Tapuach,6109,35.251992,32.1196011,5
Kfar Tapuach,6113,35.2510519,32.1209352,5
Kfar Tapuach,6117,35.2512839,32.1217019,5
Kfar Tapuach,6121,35.2501641,32.1228318,5
Kfar Tapuach,6125,35.2488729,32.1229223,5
Kfar Tapuach,6129,35.2493739,32.1221922,5
Kfar Tapuach,6133,35.2496357,32.1210295,5
Kfar Tapuach,6137,35.2484941,32.120208,5
Kfar Tapuach,6141,35.2475286,32.119114,5
Kfar Tapuach,6145,35.2475846,32.1179693,5
Kfar Tapuach,6149,35.2489123,32.1168282,5
Kiryat Netafim,6153,35.1070012,32.1181988,5
Kiryat Netafim,6157,35.1081599,32.1174971,5
Kiryat Netafim,6161,35.1088769,32.1177515,5
Kiryat Netafim,6165,35.1100914,32.1178206,5
Kiryat Netafim,6169,35.1106362,32.1166979,5
Kiryat Netafim,6173,35.1106791,32.1161818,5
Kiryat Netafim,6177,35.111782,32.1155275,5
Kiryat Netafim,6181,35.1128635,32.1156963,5
Kiryat Netafim,6185,35.1141338,32.1159853,5
Kiryat Netafim,6189,35.114756,32.1160071,5
Kiryat Netafim,6193,35.115506,32.1155558,5
Kiryat Netafim,6197,35.1160089,32.1146767,5
Kiryat Netafim,6201,35.1169955,32.1137156,5
Kiryat Netafim,6205,35.118265,32.1130395,5
Kiryat Netafim,6209,35.1177907,32.1139498,5
Kiryat Netafim,6213,35.1174809,32.1145822,5
Kiryat Netafim,6217,35.116613,32.1163316,5
Kiryat Netafim,6221,35.1159105,32.117192,5
Kiryat Netafim,6225,35.1146874,32.1171809,5
Kiryat Netafim,6229,35.1134686,32.1171011,5
Kiryat Netafim,6233,35.1132325,32.1179008,5
Kiryat Netafim,6237,35.1123954,32.1179371,5
Kiryat Netafim,6241,35.1125244,32.1172683,5
Kiryat Netafim,6245,35.1120103,32.1167521,5
Kiryat Netafim,6249,35.1113657,32.117341,5
Kiryat Netafim,6253,35.1101255,32.1179878,5
Kiryat Netafim,6257,35.1084561,32.118217,5
Kiryat Netafim,6261,35.1077611,32.1188785,5
Kiryat Netafim,6265,35.1073535,32.1199756,5
Kiryat Netafim,6269,35.1069028,32.1204269,5
Kiryat Netafim,6273,35.106441,32.1199754,5
Kiryat Netafim,6277,35.1066922,32.1185805,5
Yakir,6281,35.1139434,32.1502759,5
Yakir,6285,35.1106843,32.1511853,5
Yakir,6289,35.1095793,32.1503128,5
Yakir,6293,35.1094902,32.149271,5
Yakir,6297,35.1099188,32.148136,5
Yakir,6301,35.1103988,32.147625,5
Yakir,6305,35.1109268,32.147335,5
Yakir,6309,35.1118719,32.1470874,5
Yakir,6313,35.1155723,32.1468753,5
Yakir,6317,35.1150876,32.1480708,5
Yakir,6321,35.1172356,32.1483132,5
Yakir,6325,35.1172905,32.1486253,5
Yakir,6329,35.1174025,32.1489549,5
Yakir,6333,35.1175193,32.1492374,5
Yakir,6337,35.1176378,32.1496739,5
Yakir,6341,35.1176767,32.1501594,5
Yakir,6345,35.1175666,32.1505079,5
Yakir,6349,35.1173665,32.1507013,5
Yakir,6353,35.1170832,32.1515444,5
Yakir,6357,35.1166066,32.1530558,5
Yakir,6361,35.116489,32.1537848,5
Yakir,6365,35.1164608,32.1539587,5
Yakir,6369,35.1164196,32.1540921,5
Yakir,6373,35.1163151,32.1543529,5
Yakir,6377,35.1161852,32.1546125,5
Yakir,6381,35.1157807,32.1551997,5
Yakir,6385,35.1147937,32.1550142,5
Yakir,6389,35.114916,32.1543093,5
Yakir,6393,35.1151673,32.1535248,5
Yakir,6397,35.1149349,32.1529319,5
Yakir,6401,35.1149503,32.1515117,5
Yakir,6405,35.1146632,32.1512677,5
Almog,6409,35.4624097,31.7891625,5
Almog,6413,35.4646912,31.7894992,5
Almog,6417,35.4648224,31.789931,5
Almog,6421,35.4645732,31.7904968,5
Almog,6425,35.4644856,31.7905419,5
Almog,6429,35.4641837,31.7905613,5
Almog,6433,35.4638941,31.7905781,5
Almog,6437,35.4637965,31.7905954,5
Almog,6441,35.4636908,31.7906269,5
Almog,6445,35.4634314,31.7907134,5
Almog,6449,35.4632473,31.7908145,5
Almog,6453,35.4628483,31.7912048,5
Almog,6457,35.4625829,31.7914409,5
Almog,6461,35.4623684,31.7915303,5
Almog,6465,35.4605601,31.7911881,5
Almog,6469,35.4598764,31.7908661,5
Almog,6473,35.459302,31.7903791,5
Almog,6477,35.4590293,31.7897666,5
Almog,6481,35.4587435,31.7887797,5
Almog,6485,35.4597343,31.7885732,5
Almog,6489,35.4610942,31.7881427,5
Almog,6493,35.462698,31.7885722,5
Beit HaArava,6497,35.4780591,31.8097016,5
Beit HaArava,6501,35.4779779,31.8109983,5
Beit HaArava,6505,35.4765335,31.8113112,5
Beit HaArava,6509,35.4775632,31.8096719,5
Beit HaArava,6513,35.4774216,31.8094645,5
Beit HaArava,6517,35.4772437,31.8092316,5
Beit HaArava,6521,35.4747557,31.8081213,5
Beit HaArava,6525,35.4774193,31.806897,5
Beit HaArava,6529,35.4781664,31.808023,5
Einav,6533,35.1237367,32.2846819,5
Einav,6537,35.1225227,32.2839726,5
Einav,6541,35.1237152,32.2833359,5
Einav,6545,35.1243418,32.2830783,5
Einav,6549,35.1250545,32.2825815,5
Einav,6553,35.1262521,32.2819953,5
Einav,6557,35.1276034,32.2831438,5
Einav,6561,35.1284522,32.2840062,5
Einav,6565,35.1285208,32.2847757,5
Einav,6569,35.1281182,32.2853019,5
Einav,6573,35.1287669,32.2857939,5
Einav,6577,35.1277069,32.2867225,5
Einav,6581,35.1262692,32.2869803,5
Einav,6585,35.1264857,32.287917,5
Einav,6589,35.1268804,32.2887,5
Einav,6593,35.1259835,32.288417,5
Einav,6597,35.1255525,32.2873902,5
Einav,6601,35.12596,32.2862674,5
Einav,6605,35.1253205,32.2857706,5
Einav,6609,35.1246058,32.2855196,5
Einav,6613,35.12408,32.2852552,5
Beit Yatir,6617,35.1131128,31.3636926,5
Beit Yatir,6621,35.1130438,31.3630912,5
Beit Yatir,6625,35.113028,31.3624749,5
Beit Yatir,6629,35.1134843,31.36213,5
Beit Yatir,6633,35.1145096,31.3621733,5
Beit Yatir,6637,35.1153712,31.3622989,5
Beit Yatir,6641,35.1153589,31.3625668,5
Beit Yatir,6645,35.1145792,31.3630739,5
Beit Yatir,6649,35.1140952,31.3632587,5
Beit Yatir,6653,35.1131346,31.3637715,5
Beit Yatir,6657,35.1128204,31.3636569,5
Beit Yatir,6661,35.1126018,31.363078,5
Beit Yatir,6665,35.1123998,31.3635653,5
Beit Yatir,6669,35.1115246,31.3642946,5
Beit Yatir,6673,35.1114731,31.3648112,5
Beit Yatir,6677,35.1117494,31.3650274,5
Beit Yatir,6681,35.1119237,31.3651777,5
Beit Yatir,6685,35.1124902,31.3656064,5
Beit Yatir,6689,35.1124435,31.3657923,5
Beit Yatir,6693,35.1122242,31.3661744,5
Beit Yatir,6697,35.1123529,31.3668157,5
Beit Yatir,6701,35.1121083,31.3675194,5
Beit Yatir,6705,35.1120265,31.3683986,5
Beit Yatir,6709,35.1122282,31.3692563,5
Beit Yatir,6713,35.1123998,31.369868,5
Beit Yatir,6717,35.112031,31.3699484,5
Beit Yatir,6721,35.1116448,31.3697031,5
Beit Yatir,6725,35.1113315,31.3694175,5
Beit Yatir,6729,35.1110097,31.3691024,5
Beit Yatir,6733,35.110765,31.3685711,5
Beit Yatir,6737,35.109808,31.3681568,5
Beit Yatir,6741,35.1101084,31.3678052,5
Beit Yatir,6745,35.1109152,31.3658888,5
Beit Yatir,6749,35.1109321,31.3655624,5
Beit Yatir,6753,35.1111084,31.3646463,5
Beit Yatir,6757,35.1104974,31.3652079,5
Beit Yatir,6761,35.1104059,31.3655038,5
Beit Yatir,6765,35.1093204,31.3654788,5
Beit Yatir,6769,35.1089626,31.3648735,5
Beit Yatir,6773,35.1087931,31.3641047,5
Beit Yatir,6777,35.1092799,31.3637048,5
Beit Yatir,6781,35.1104601,31.363386,5
Beit Yatir,6785,35.1112156,31.3634078,5
Beit Yatir,6789,35.1115759,31.3637449,5
Beit Yatir,6793,35.1121255,31.3637891,5
Beit Yatir,6797,35.1124127,31.3631661,5
Beit Yatir,6801,35.1128204,31.3631295,5
Beit Yatir,6805,35.1129363,31.3637082,5
Sansana,6809,34.9037908,31.366048,5
Sansana,6813,34.9031557,31.3660883,5
Sansana,6817,34.9014004,31.3658208,5
Sansana,6821,34.9011,31.3651099,5
Sansana,6825,34.9004981,31.3657382,5
Sansana,6829,34.899628,31.3652418,5
Sansana,6833,34.8996838,31.3646885,5
Sansana,6837,34.8994607,31.3642048,5
Sansana,6841,34.8993448,31.3639703,5
Sansana,6845,34.9000143,31.3637834,5
Sansana,6849,34.9011945,31.3639923,5
Sansana,6853,34.9020957,31.3647923,5
Sansana,6857,34.9020141,31.3655753,5
Sansana,6861,34.9033488,31.3660407,5
Sansana,6865,34.9035685,31.3659097,5
Sansana,6869,34.9036755,31.3653527,5
Sansana,6873,34.9035165,31.3641253,5
Sansana,6877,34.9030913,31.3637039,5
Sansana,6881,34.9022073,31.3630077,5
Sansana,6885,34.9017738,31.3626928,5
Sansana,6889,34.9008654,31.3630135,5
Sansana,6893,34.9001618,31.3624905,5
Sansana,6897,34.8998904,31.3620661,5
Sansana,6901,34.9002723,31.361879,5
Sansana,6905,34.9001565,31.3613735,5
Sansana,6909,34.9006843,31.3615934,5
Sansana,6913,34.9010963,31.3615272,5
Sansana,6917,34.9018433,31.361267,5
Sansana,6921,34.9020402,31.3615785,5
Sansana,6925,34.9025377,31.3622897,5
Sansana,6929,34.9032375,31.3622052,5
Sansana,6933,34.9039217,31.3618614,5
Sansana,6937,34.9045765,31.3627404,5
Sansana,6941,34.9044131,31.3638615,5
Sansana,6945,34.9045419,31.3650451,5
Sansana,6949,34.9038329,31.366013,5
Meitzad,6953,35.1898533,31.5827292,5
Meitzad,6957,35.1895848,31.5833276,5
Meitzad,6961,35.1894646,31.5839747,5
Meitzad,6965,35.1893403,31.584389,5
Meitzad,6969,35.1889868,31.5849606,5
Meitzad,6973,35.1892046,31.5869623,5
Meitzad,6977,35.1891531,31.5885013,5
Meitzad,6981,35.1886729,31.5884783,5
Meitzad,6985,35.1880119,31.5875652,5
Meitzad,6989,35.187715,31.587834,5
Meitzad,6993,35.1861115,31.5873582,5
Meitzad,6997,35.1860208,31.5863989,5
Meitzad,7001,35.185677,31.58585,5
Meitzad,7005,35.1855891,31.5856014,5
Meitzad,7009,35.1852943,31.5853443,5
Meitzad,7013,35.1854442,31.5849445,5
Meitzad,7017,35.1856925,31.5845973,5
Meitzad,7021,35.1859738,31.5843192,5
Meitzad,7025,35.1862922,31.5841158,5
Meitzad,7029,35.1866771,31.5840074,5
Meitzad,7033,35.1878602,31.5840106,5
Meitzad,7037,35.188273,31.5843635,5
Meitzad,7041,35.1886763,31.5842227,5
Meitzad,7045,35.1888453,31.5835511,5
Meitzad,7049,35.1890753,31.5828204,5
Meitzad,7053,35.1894774,31.5821373,5
Meitzad,7057,35.1896863,31.5818971,5
Meitzad,7061,35.1897794,31.5813323,5
Meitzad,7065,35.1898826,31.5822026,5
Almon,7069,35.2914805,31.8310684,5
Almon,7073,35.2924357,31.8308271,5
Almon,7077,35.2933045,31.8310335,5
Almon,7081,35.2940539,31.8309271,5
Almon,7085,35.2955816,31.8313054,5
Almon,7089,35.2958003,31.8308018,5
Almon,7093,35.2968261,31.8310251,5
Almon,7097,35.2974541,31.8315148,5
Almon,7101,35.2977202,31.8313808,5
Almon,7105,35.2981236,31.8315513,5
Almon,7109,35.2989774,31.8307281,5
Almon,7113,35.3003083,31.8315549,5
Almon,7117,35.3003812,31.8324922,5
Almon,7121,35.2991579,31.8328062,5
Almon,7125,35.2983256,31.8327287,5
Almon,7129,35.2971936,31.8325063,5
Almon,7133,35.2958498,31.8322534,5
Almon,7137,35.2949244,31.8322898,5
Almon,7141,35.2941815,31.8323673,5
Almon,7145,35.2933846,31.8324929,5
Almon,7149,35.2928565,31.8322579,5
Almon,7153,35.2916951,31.8318477,5
Kokhav HaShahar,7157,35.3468748,31.9590884,5
Kokhav HaShahar,7161,35.3475904,31.9589798,5
Kokhav HaShahar,7165,35.3484979,31.9596029,5
Kokhav HaShahar,7169,35.3486996,31.9593082,5
Kokhav HaShahar,7173,35.3492489,31.9586528,5
Kokhav HaShahar,7177,35.3498242,31.9584964,5
Kokhav HaShahar,7181,35.3513477,31.9577243,5
Kokhav HaShahar,7185,35.3524976,31.9583979,5
Kokhav HaShahar,7189,35.3530297,31.9593339,5
Kokhav HaShahar,7193,35.3525147,31.96079,5
Kokhav HaShahar,7197,35.3511887,31.9618678,5
Kokhav HaShahar,7201,35.3505752,31.962494,5
Kokhav HaShahar,7205,35.3499355,31.9626467,5
Kokhav HaShahar,7209,35.3488712,31.9632695,5
Kokhav HaShahar,7213,35.3468757,31.9634259,5
Kokhav HaShahar,7217,35.3468456,31.9630948,5
Kokhav HaShahar,7221,35.34694,31.962461,5
Kokhav HaShahar,7225,35.3461507,31.9632732,5
Kokhav HaShahar,7229,35.3459275,31.9625193,5
Kokhav HaShahar,7233,35.3458202,31.962137,5
Kokhav HaShahar,7237,35.3452749,31.9625885,5
Kokhav HaShahar,7241,35.3446443,31.961926,5
Kokhav HaShahar,7245,35.3454696,31.9595419,5
Kokhav HaShahar,7249,35.3461867,31.9590227,5
Revava,7253,35.1309668,32.1182236,5
Revava,7257,35.1318891,32.1196523,5
Revava,7261,35.1315342,32.1199891,5
Revava,7265,35.1305322,32.1202906,5
Revava,7269,35.1300215,32.1204161,5
Revava,7273,35.129528,32.1208758,5
Revava,7277,35.1287834,32.1214719,5
Revava,7281,35.1284915,32.1223133,5
Revava,7285,35.1280668,32.1213356,5
Revava,7289,35.1271519,32.120943,5
Revava,7293,35.1270454,32.1214199,5
Revava,7297,35.1264336,32.1202436,5
Revava,7301,35.1258481,32.1210249,5
Revava,7305,35.1250094,32.122602,5
Revava,7309,35.1244429,32.1236853,5
Revava,7313,35.1232928,32.123696,5
Revava,7317,35.1229631,32.1227547,5
Revava,7321,35.1235156,32.1228274,5
Revava,7325,35.1237777,32.1234309,5
Revava,7329,35.1244944,32.1235763,5
Revava,7333,35.1249104,32.1224532,5
Revava,7337,35.124837,32.1210395,5
Revava,7341,35.1253768,32.1189365,5
Revava,7345,35.1253543,32.1180381,5
Revava,7349,35.1257796,32.1172505,5
Revava,7353,35.1274507,32.1163326,5
Revava,7357,35.1277835,32.1157323,5
Revava,7361,35.1288369,32.1160925,5
Revava,7365,35.1277686,32.1151838,5
Revava,7369,35.1268588,32.1156091,5
Revava,7373,35.1270027,32.1147053,5
Revava,7377,35.1279059,32.1145043,5
Revava,7381,35.1286636,32.1142442,5
Revava,7385,35.1295796,32.1150275,5
Revava,7389,35.1301956,32.1156722,5
Revava,7393,35.1308906,32.1155994,5
Revava,7397,35.1311355,32.1158831,5
Revava,7401,35.1309612,32.116536,5
Revava,7405,35.1299527,32.1167541,5
Revava,7409,35.1294337,32.1172557,5
Revava,7413,35.1287256,32.1173901,5
Revava,7417,35.1308324,32.1182261,5
Barkan,7421,35.1047193,32.1111992,5
Barkan,7425,35.1045267,32.1105355,5
Barkan,7429,35.1049984,32.1101023,5
Barkan,7433,35.1051997,32.109689,5
Barkan,7437,35.1055303,32.1091273,5
Barkan,7441,35.1061202,32.1086747,5
Barkan,7445,35.1061326,32.1084412,5
Barkan,7449,35.105304,32.1082766,5
Barkan,7453,35.1056067,32.1080882,5
Barkan,7457,35.10492,32.1081135,5
Barkan,7461,35.1041773,32.1080701,5
Barkan,7465,35.1031774,32.1078883,5
Barkan,7469,35.1028984,32.106932,5
Barkan,7473,35.1031345,32.1062668,5
Barkan,7477,35.1029757,32.1055507,5
Barkan,7481,35.1030049,32.1044108,5
Barkan,7485,35.1037516,32.1036983,5
Barkan,7489,35.1063231,32.1036206,5
Barkan,7493,35.107245,32.1038112,5
Barkan,7497,35.1083747,32.1046309,5
Barkan,7501,35.1085807,32.1052998,5
Barkan,7505,35.1085936,32.1061107,5
Barkan,7509,35.1085364,32.1063958,5
Barkan,7513,35.1099411,32.108248,5
Barkan,7517,35.1099411,32.1088698,5
Barkan,7521,35.1092673,32.1090007,5
Barkan,7525,35.1079753,32.109764,5
Barkan,7529,35.1082921,32.1104888,5
Barkan,7533,35.1071302,32.1122283,5
Barkan,7537,35.1068083,32.1122102,5
Barkan,7541,35.1062289,32.1133552,5
Barkan,7545,35.1050391,32.1139349,5
Barkan,7549,35.1040106,32.1140145,5
Barkan,7553,35.1032532,32.1146959,5
Barkan,7557,35.1024446,32.114101,5
Barkan,7561,35.1036304,32.1134808,5
Barkan,7565,35.1041497,32.1121901,5
Alfei Menashe,7569,35.0182218,32.1754455,5
Alfei Menashe,7573,35.0185828,32.1777053,5
Alfei Menashe,7577,35.0185071,32.1792549,5
Alfei Menashe,7581,35.0182041,32.1796626,5
Alfei Menashe,7585,35.0170708,32.1800622,5
Alfei Menashe,7589,35.0160111,32.1799242,5
Alfei Menashe,7593,35.0155259,32.180153,5
Alfei Menashe,7597,35.0144447,32.1801167,5
Alfei Menashe,7601,35.0137618,32.1805773,5
Alfei Menashe,7605,35.0122683,32.1807335,5
Alfei Menashe,7609,35.0110672,32.179768,5
Alfei Menashe,7613,35.0115608,32.1786131,5
Alfei Menashe,7617,35.0127839,32.1777811,5
Alfei Menashe,7621,35.0142296,32.176829,5
Alfei Menashe,7625,35.0153971,32.1765136,5
Alfei Menashe,7629,35.0158477,32.1762339,5
Alfei Menashe,7633,35.0161827,32.1757835,5
Alfei Menashe,7637,35.017092,32.1753106,5
Alfei Menashe,7641,35.0176505,32.174897,5
Alfei Menashe,7645,35.0165344,32.1741632,5
Alfei Menashe,7649,35.0148867,32.1738583,5
Alfei Menashe,7653,35.0143583,32.1743407,5
Alfei Menashe,7657,35.0135864,32.173829,5
Alfei Menashe,7661,35.0135298,32.1734183,5
Alfei Menashe,7665,35.0140198,32.1730371,5
Alfei Menashe,7669,35.0146335,32.172663,5
Alfei Menashe,7673,35.0140061,32.1727606,5
Alfei Menashe,7677,35.0120752,32.173033,5
Alfei Menashe,7681,35.011693,32.1735343,5
Alfei Menashe,7685,35.0120578,32.1741409,5
Alfei Menashe,7689,35.0125344,32.1744243,5
Alfei Menashe,7693,35.0123504,32.1749444,5
Alfei Menashe,7697,35.0118161,32.1754094,5
Alfei Menashe,7701,35.0108049,32.1753215,5
Alfei Menashe,7705,35.0098391,32.1752527,5
Alfei Menashe,7709,35.0099815,32.1760775,5
Alfei Menashe,7713,35.009595,32.1764221,5
Alfei Menashe,7717,35.008771,32.1771234,5
Alfei Menashe,7721,35.0067242,32.1773236,5
Alfei Menashe,7725,35.0071837,32.1762373,5
Alfei Menashe,7729,35.0066035,32.1758446,5
Alfei Menashe,7733,35.0059946,32.1751805,5
Alfei Menashe,7737,35.0051578,32.1742031,5
Alfei Menashe,7741,35.004553,32.1730044,5
Alfei Menashe,7745,35.0057795,32.1729422,5
Alfei Menashe,7749,35.0091149,32.1738401,5
Alfei Menashe,7753,35.0103894,32.1739017,5
Alfei Menashe,7757,35.0103758,32.173458,5
Alfei Menashe,7761,35.0109468,32.1724416,5
Alfei Menashe,7765,35.0112861,32.1723978,5
Alfei Menashe,7769,35.0106641,32.1721144,5
Alfei Menashe,7773,35.0098444,32.1726266,5
Alfei Menashe,7777,35.0081487,32.1715328,5
Alfei Menashe,7781,35.0074277,32.171068,5
Alfei Menashe,7785,35.007299,32.1704648,5
Alfei Menashe,7789,35.0062135,32.1705926,5
Alfei Menashe,7793,35.0054754,32.1701712,5
Alfei Menashe,7797,35.005334,32.1694372,5
Alfei Menashe,7801,35.0059257,32.1688264,5
Alfei Menashe,7805,35.0072387,32.1685395,5
Alfei Menashe,7809,35.0085438,32.1681042,5
Alfei Menashe,7813,35.0096848,32.1682089,5
Alfei Menashe,7817,35.01202,32.1693972,5
Alfei Menashe,7821,35.0152429,32.1699603,5
Alfei Menashe,7825,35.0159853,32.1702291,5
Alfei Menashe,7829,35.0170368,32.1706289,5
Alfei Menashe,7833,35.0181821,32.1707411,5
Alfei Menashe,7837,35.0195216,32.1709738,5
Alfei Menashe,7841,35.0201047,32.1711804,5
Alfei Menashe,7845,35.0204823,32.1716928,5
Alfei Menashe,7849,35.0213449,32.1718706,5
Alfei Menashe,7853,35.0204314,32.1729318,5
Alfei Menashe,7857,35.019933,32.173945,5
Alfei Menashe,7861,35.0207524,32.1741375,5
Alfei Menashe,7865,35.0191989,32.174864,5
Alfei Menashe,7869,35.0182218,32.1754455,5
Hashmonaim,7873,35.028155,31.9349939,5
Hashmonaim,7877,35.0266111,31.9349992,5
Hashmonaim,7881,35.0250992,31.9348847,5
Hashmonaim,7885,35.0245673,31.9343821,5
Hashmonaim,7889,35.0222284,31.9346006,5
Hashmonaim,7893,35.0213486,31.9341601,5
Hashmonaim,7897,35.0211255,31.9331149,5
Hashmonaim,7901,35.0207907,31.9325578,5
Hashmonaim,7905,35.0211727,31.932197,5
Hashmonaim,7909,35.0189923,31.9308932,5
Hashmonaim,7913,35.0202369,31.9299826,5
Hashmonaim,7917,35.0210308,31.9294545,5
Hashmonaim,7921,35.0215761,31.9289992,5
Hashmonaim,7925,35.0218505,31.9284529,5
Hashmonaim,7929,35.0220138,31.9277936,5
Hashmonaim,7933,35.0206577,31.9273675,5
Hashmonaim,7937,35.0227517,31.926537,5
Hashmonaim,7941,35.023919,31.9266499,5
Hashmonaim,7945,35.0247486,31.9273761,5
Hashmonaim,7949,35.0246271,31.9283982,5
Hashmonaim,7953,35.0242838,31.9294181,5
Hashmonaim,7957,35.0250651,31.9303177,5
Hashmonaim,7961,35.0253183,31.9308203,5
Hashmonaim,7965,35.0263826,31.9319023,5
Hashmonaim,7969,35.0269231,31.9322665,5
Hashmonaim,7973,35.0274212,31.9328672,5
Hashmonaim,7977,35.0279361,31.9336539,5
Ganei Modi'in,7981,35.0204656,31.9274016,5
Ganei Modi'in,7985,35.0209796,31.9277208,5
Ganei Modi'in,7989,35.0215589,31.9278813,5
Ganei Modi'in,7993,35.0215761,31.9289992,5
Ganei Modi'in,7997,35.0210308,31.9294545,5
Ganei Modi'in,8001,35.0199507,31.930035,5
Ganei Modi'in,8005,35.019032,31.930421,5
Ganei Modi'in,8009,35.0183357,31.9312467,5
Ganei Modi'in,8013,35.0175506,31.931658,5
Ganei Modi'in,8017,35.0164048,31.9317126,5
Ganei Modi'in,8021,35.0146238,31.9312358,5
Ganei Modi'in,8025,35.0136198,31.9312137,5
Ganei Modi'in,8029,35.0129643,31.9309564,5
Ganei Modi'in,8033,35.0123538,31.9301829,5
Ganei Modi'in,8037,35.0126207,31.9293648,5
Ganei Modi'in,8041,35.0129817,31.9289778,5
Ganei Modi'in,8045,35.0135209,31.9286241,5
Ganei Modi'in,8049,35.0139709,31.9281697,5
Ganei Modi'in,8053,35.0144352,31.9285148,5
Ganei Modi'in,8057,35.0153708,31.9289482,5
Ganei Modi'in,8061,35.0161645,31.9290757,5
Ganei Modi'in,8065,35.0151348,31.9287115,5
Ganei Modi'in,8069,35.0154781,31.9278995,5
Ganei Modi'in,8073,35.0148899,31.9274187,5
Ganei Modi'in,8077,35.0173315,31.9270397,5
Ganei Modi'in,8081,35.0185355,31.9262725,5
Ganei Modi'in,8085,35.019499,31.9266026,5
Ganei Modi'in,8089,35.0202296,31.9265678,5
Matityahu,8093,35.0323642,31.9314253,5
Matityahu,8097,35.0322463,31.9309263,5
Matityahu,8101,35.0317467,31.9298153,5
Matityahu,8105,35.0317641,31.9293048,5
Matityahu,8109,35.0320323,31.9288122,5
Matityahu,8113,35.0324011,31.928529,5
Matityahu,8117,35.0330043,31.9283239,5
Matityahu,8121,35.0340939,31.9282481,5
Matityahu,8125,35.0347364,31.9280442,5
Matityahu,8129,35.03641,31.9279609,5
Matityahu,8133,35.0371689,31.9280006,5
Matityahu,8137,35.0376563,31.9282606,5
Matityahu,8141,35.0378577,31.9286424,5
Matityahu,8145,35.0378351,31.9291565,5
Matityahu,8149,35.0374962,31.9296714,5
Matityahu,8153,35.0368703,31.9304516,5
Matityahu,8157,35.036721,31.9308209,5
Matityahu,8161,35.0349997,31.9311976,5
Matityahu,8165,35.0323604,31.9318514,5
Beit Horon,8169,35.1225417,31.8793109,5
Beit Horon,8173,35.1245987,31.8784604,5
Beit Horon,8177,35.1250608,31.8778773,5
Beit Horon,8181,35.1253811,31.8770826,5
Beit Horon,8185,35.1268928,31.8763986,5
Beit Horon,8189,35.128067,31.8765699,5
Beit Horon,8193,35.1298907,31.8756126,5
Beit Horon,8197,35.1311352,31.8748471,5
Beit Horon,8201,35.132834,31.8746001,5
Beit Horon,8205,35.1330349,31.8749562,5
Beit Horon,8209,35.1324916,31.8754377,5
Beit Horon,8213,35.1311398,31.8757219,5
Beit Horon,8217,35.1302815,31.8758859,5
Beit Horon,8221,35.128732,31.8766036,5
Beit Horon,8225,35.1284619,31.8777552,5
Beit Horon,8229,35.1276679,31.8783126,5
Beit Horon,8233,35.127084,31.8785205,5
Beit Horon,8237,35.1264577,31.8788449,5
Beit Horon,8241,35.1260286,31.8794207,5
Beit Horon,8245,35.1246252,31.8805576,5
Beit Horon,8249,35.1234365,31.8811261,5
Beit Horon,8253,35.1222348,31.8811006,5
Beit Horon,8257,35.121253,31.8807454,5
Har Adar,8261,35.1273193,31.8217035,5
Har Adar,8265,35.1283109,31.8209706,5
Har Adar,8269,35.1282937,31.8203468,5
Har Adar,8273,35.1287655,31.8204015,5
Har Adar,8277,35.1297056,31.8211383,5
Har Adar,8281,35.129465,31.8219077,5
Har Adar,8285,35.1305679,31.8218419,5
Har Adar,8289,35.131036,31.8217434,5
Har Adar,8293,35.1321043,31.8216124,5
Har Adar,8297,35.133263,31.8217728,5
Har Adar,8301,35.1343791,31.8217546,5
Har Adar,8305,35.1340827,31.8232458,5
Har Adar,8309,35.1342503,31.8245259,5
Har Adar,8313,35.1344689,31.8253536,5
Har Adar,8317,35.1355292,31.8258203,5
Har Adar,8321,35.1357738,31.8273955,5
Har Adar,8325,35.1348426,31.8265494,5
Har Adar,8329,35.1336149,31.8262579,5
Har Adar,8333,35.1328899,31.8253133,5
Har Adar,8337,35.1326622,31.8239823,5
Har Adar,8341,35.1321818,31.8247116,5
Har Adar,8345,35.1318554,31.8248283,5
Har Adar,8349,35.1316153,31.8258675,5
Har Adar,8353,35.1316271,31.8264878,5
Har Adar,8357,35.1329197,31.8271439,5
Har Adar,8361,35.1327011,31.8275596,5
Har Adar,8365,35.133774,31.8286605,5
Har Adar,8369,35.1342289,31.8292111,5
Har Adar,8373,35.1341173,31.8294481,5
Har Adar,8377,35.1335205,31.8307427,5
Har Adar,8381,35.1329243,31.8316905,5
Har Adar,8385,35.1309542,31.8315993,5
Har Adar,8389,35.1299116,31.8309175,5
Har Adar,8393,35.1291861,31.8311545,5
Har Adar,8397,35.1278817,31.8320111,5
Har Adar,8401,35.1264609,31.8323322,5
Har Adar,8405,35.1253111,31.8319822,5
Har Adar,8409,35.1245815,31.831253,5
Har Adar,8413,35.1246113,31.8303196,5
Har Adar,8417,35.1251094,31.8290035,5
Har Adar,8421,35.1257016,31.8284748,5
Har Adar,8425,35.1258046,31.8281391,5
Har Adar,8429,35.1251094,31.828329,5
Har Adar,8433,35.1242379,31.8277308,5
Har Adar,8437,35.1244611,31.8273955,5
Har Adar,8441,35.1244656,31.8267718,5
Har Adar,8445,35.1247017,31.8261485,5
Har Adar,8449,35.1255686,31.8250471,5
Har Adar,8453,35.1248218,31.8235995,5
Har Adar,8457,35.1254613,31.8231546,5
Mevo Horon,8461,35.0296638,31.8516616,5
Mevo Horon,8465,35.0315502,31.8508824,5
Mevo Horon,8469,35.0318116,31.8503146,5
Mevo Horon,8473,35.0318658,31.8493891,5
Mevo Horon,8477,35.0323752,31.8484516,5
Mevo Horon,8481,35.0336661,31.8482249,5
Mevo Horon,8485,35.0344922,31.8482531,5
Mevo Horon,8489,35.0344946,31.8477583,5
Mevo Horon,8493,35.0336624,31.8472999,5
Mevo Horon,8497,35.0329205,31.8471978,5
Mevo Horon,8501,35.0344267,31.8470137,5
Mevo Horon,8505,35.0352118,31.847327,5
Mevo Horon,8509,35.0359098,31.8480005,5
Mevo Horon,8513,35.0372147,31.8474509,5
Mevo Horon,8517,35.0393152,31.8484272,5
Mevo Horon,8521,35.038969,31.8493726,5
Mevo Horon,8525,35.0391152,31.8506863,5
Mevo Horon,8529,35.0360043,31.8522635,5
Mevo Horon,8533,35.0346604,31.8523266,5
Mevo Horon,8537,35.0341757,31.8528146,5
Mevo Horon,8541,35.0327729,31.8536573,5
Mevo Horon,8545,35.0324197,31.8519058,5
Mevo Horon,8549,35.0314507,31.8514881,5
Mevo Horon,8553,35.0302483,31.8517836,5
Shani Livne,8557,35.0730151,31.356978,5
Shani Livne,8561,35.0730545,31.357787,5
Shani Livne,8565,35.072333,31.3579458,5
Shani Livne,8569,35.0717961,31.3582767,5
Shani Livne,8573,35.0698685,31.3578688,5
Shani Livne,8577,35.0682466,31.3581901,5
Shani Livne,8581,35.0679027,31.3584488,5
Shani Livne,8585,35.0675476,31.358036,5
Shani Livne,8589,35.0670826,31.3574633,5
Shani Livne,8593,35.0666486,31.3572491,5
Shani Livne,8597,35.0673673,31.3572804,5
Shani Livne,8601,35.0670573,31.3568027,5
Shani Livne,8605,35.0670714,31.356213,5
Shani Livne,8609,35.0670361,31.3556824,5
Shani Livne,8613,35.0677012,31.3560193,5
Shani Livne,8617,35.0674983,31.3564381,5
Shani Livne,8621,35.0681348,31.3561901,5
Shani Livne,8625,35.0684915,31.3554668,5
Shani Livne,8629,35.0691132,31.3557731,5
Shani Livne,8633,35.0694221,31.355249,5
Shani Livne,8637,35.0690295,31.3544526,5
Shani Livne,8641,35.0679734,31.3538297,5
Shani Livne,8645,35.0681567,31.3531048,5
Shani Livne,8649,35.0688781,31.3527133,5
Shani Livne,8653,35.0695875,31.3531354,5
Shani Livne,8657,35.0705959,31.3539097,5
Shani Livne,8661,35.070566,31.3543266,5
Shani Livne,8665,35.0704464,31.3551061,5
Shani Livne,8669,35.0703846,31.3559569,5
Shani Livne,8673,35.0714528,31.3566563,5
Shani Livne,8677,35.0722678,31.3568997,5
Rotem,8681,35.519311,32.3355132,5
Rotem,8685,35.5201118,32.3354738,5
Rotem,8689,35.5215338,32.3351274,5
Rotem,8693,35.5221962,32.3353464,5
Rotem,8697,35.5225262,32.3351297,5
Rotem,8701,35.5232693,32.3350114,5
Rotem,8705,35.5228982,32.3357193,5
Rotem,8709,35.5221677,32.336221,5
Rotem,8713,35.5214815,32.3365019,5
Rotem,8717,35.5200237,32.3363554,5
Rotem,8721,35.5191809,32.3379743,5
Rotem,8725,35.5200855,32.3388088,5
Rotem,8729,35.5207004,32.3393544,5
Rotem,8733,35.5199478,32.3393063,5
Rotem,8737,35.519829,32.3399061,5
Rotem,8741,35.5185778,32.3390816,5
Rotem,8745,35.517735,32.3377155,5
Rotem,8749,35.5176044,32.336552,5
Rotem,8753,35.5180721,32.3356734,5